InvoiceNo,StockCode,Description,Quantity,InvoiceDate,UnitPrice,CustomerID,Country
536365,21730,"glass star frosted t-light holder",6,"2010-12-01 08:26:00",4.25,17850,"United Kingdom"
536365,22752,"set 7 babushka nesting boxes",2,"2010-12-01 08:26:00",7.65,17850,"United Kingdom"
536365,71053,"white metal lantern",6,"2010-12-01 08:26:00",3.39,17850,"United Kingdom"
536365,84029E,"red woolly hottie white heart",6,"2010-12-01 08:26:00",3.39,17850,"United Kingdom"
536365,84029G,"knitted union flag hot water bottle",6,"2010-12-01 08:26:00",3.39,17850,"United Kingdom"
536365,84406B,"cream cupid hearts coat hanger",8,"2010-12-01 08:26:00",2.75,17850,"United Kingdom"
536365,85123A,"white hanging heart t-light holder",6,"2010-12-01 08:26:00",2.55,17850,"United Kingdom"
536366,22632,"hand warmer red polka dot",6,"2010-12-01 08:28:00",1.85,17850,"United Kingdom"
536366,22633,"hand warmer union jack",6,"2010-12-01 08:28:00",1.85,17850,"United Kingdom"
536367,21754,"home building block word",3,"2010-12-01 08:34:00",5.95,13047,"United Kingdom"
536367,21755,"love building block word",3,"2010-12-01 08:34:00",5.95,13047,"United Kingdom"
536367,21777,"recipe box with metal heart",4,"2010-12-01 08:34:00",7.95,13047,"United Kingdom"
536367,22310,"ivory knitted mug cosy",6,"2010-12-01 08:34:00",1.65,13047,"United Kingdom"
536367,22622,"box of vintage alphabet blocks",2,"2010-12-01 08:34:00",9.95,13047,"United Kingdom"
536367,22623,"box of vintage jigsaw blocks",3,"2010-12-01 08:34:00",4.95,13047,"United Kingdom"
536367,22745,"poppy's playhouse bedroom",6,"2010-12-01 08:34:00",2.1,13047,"United Kingdom"
536367,22748,"poppy's playhouse kitchen",6,"2010-12-01 08:34:00",2.1,13047,"United Kingdom"
536367,22749,"feltcraft princess charlotte doll",8,"2010-12-01 08:34:00",3.75,13047,"United Kingdom"
536367,48187,"doormat new england",4,"2010-12-01 08:34:00",7.95,13047,"United Kingdom"
536367,84879,"assorted colour bird ornament",32,"2010-12-01 08:34:00",1.69,13047,"United Kingdom"
536367,84969,"box of 6 assorted colour teaspoons",6,"2010-12-01 08:34:00",4.25,13047,"United Kingdom"
536368,22912,"yellow coat rack paris fashion",3,"2010-12-01 08:34:00",4.95,13047,"United Kingdom"
536368,22913,"red coat rack paris fashion",3,"2010-12-01 08:34:00",4.95,13047,"United Kingdom"
536368,22914,"blue coat rack paris fashion",3,"2010-12-01 08:34:00",4.95,13047,"United Kingdom"
536368,22960,"jam making set with jars",6,"2010-12-01 08:34:00",4.25,13047,"United Kingdom"
536369,21756,"bath building block word",3,"2010-12-01 08:35:00",5.95,13047,"United Kingdom"
536370,10002,"inflatable political globe",48,"2010-12-01 08:45:00",0.85,12583,France
536370,21035,"set/2 red retrospot tea towels",18,"2010-12-01 08:45:00",2.95,12583,France
536370,21724,"panda and bunnies sticker sheet",12,"2010-12-01 08:45:00",0.85,12583,France
536370,21731,"red toadstool led night light",24,"2010-12-01 08:45:00",1.65,12583,France
536370,21791,"vintage heads and tails card game",24,"2010-12-01 08:45:00",1.25,12583,France
536370,21883,"stars gift tape",24,"2010-12-01 08:45:00",0.65,12583,France
536370,21913,"vintage seaside jigsaw puzzles",12,"2010-12-01 08:45:00",3.75,12583,France
536370,22326,"round snack boxes set of4 woodland",24,"2010-12-01 08:45:00",2.95,12583,France
536370,22492,"mini paint set vintage",36,"2010-12-01 08:45:00",0.65,12583,France
536370,22540,"mini jigsaw circus parade",24,"2010-12-01 08:45:00",0.42,12583,France
536370,22544,"mini jigsaw spaceboy",24,"2010-12-01 08:45:00",0.42,12583,France
536370,22629,"spaceboy lunch box",24,"2010-12-01 08:45:00",1.95,12583,France
536370,22631,"circus parade lunch box",24,"2010-12-01 08:45:00",1.95,12583,France
536370,22659,"lunch box i love london",24,"2010-12-01 08:45:00",1.95,12583,France
536370,22661,"charlotte bag dolly girl design",20,"2010-12-01 08:45:00",0.85,12583,France
536370,22726,"alarm clock bakelike green",12,"2010-12-01 08:45:00",3.75,12583,France
536370,22727,"alarm clock bakelike red",24,"2010-12-01 08:45:00",3.75,12583,France
536370,22728,"alarm clock bakelike pink",24,"2010-12-01 08:45:00",3.75,12583,France
536370,22900,"set 2 tea towels i love london",24,"2010-12-01 08:45:00",2.95,12583,France
536370,POST,postage,3,"2010-12-01 08:45:00",18,12583,France
536371,22086,"paper chain kit 50's christmas",80,"2010-12-01 09:00:00",2.55,13748,"United Kingdom"
536372,22632,"hand warmer red polka dot",6,"2010-12-01 09:01:00",1.85,17850,"United Kingdom"
536372,22633,"hand warmer union jack",6,"2010-12-01 09:01:00",1.85,17850,"United Kingdom"
536373,20679,"edwardian parasol red",6,"2010-12-01 09:02:00",4.95,17850,"United Kingdom"
536373,21068,"vintage billboard love/hate mug",6,"2010-12-01 09:02:00",1.06,17850,"United Kingdom"
536373,21071,"vintage billboard drink me mug",6,"2010-12-01 09:02:00",1.06,17850,"United Kingdom"
536373,21730,"glass star frosted t-light holder",6,"2010-12-01 09:02:00",4.25,17850,"United Kingdom"
536373,21871,"save the planet mug",6,"2010-12-01 09:02:00",1.06,17850,"United Kingdom"
536373,22752,"set 7 babushka nesting boxes",2,"2010-12-01 09:02:00",7.65,17850,"United Kingdom"
536373,37370,"retro coffee mugs assorted",6,"2010-12-01 09:02:00",1.06,17850,"United Kingdom"
536373,71053,"white metal lantern",6,"2010-12-01 09:02:00",3.39,17850,"United Kingdom"
536373,82482,"wooden picture frame white finish",6,"2010-12-01 09:02:00",2.1,17850,"United Kingdom"
536373,82483,"wood 2 drawer cabinet white finish",2,"2010-12-01 09:02:00",4.95,17850,"United Kingdom"
536373,82486,"wood s/3 cabinet ant white finish",4,"2010-12-01 09:02:00",6.95,17850,"United Kingdom"
536373,82494L,"wooden frame antique white",6,"2010-12-01 09:02:00",2.55,17850,"United Kingdom"
536373,84029E,"red woolly hottie white heart",6,"2010-12-01 09:02:00",3.39,17850,"United Kingdom"
536373,84029G,"knitted union flag hot water bottle",6,"2010-12-01 09:02:00",3.39,17850,"United Kingdom"
536373,84406B,"cream cupid hearts coat hanger",8,"2010-12-01 09:02:00",2.75,17850,"United Kingdom"
536373,85123A,"white hanging heart t-light holder",6,"2010-12-01 09:02:00",2.55,17850,"United Kingdom"
536374,21258,"victorian sewing box large",32,"2010-12-01 09:09:00",10.95,15100,"United Kingdom"
536375,20679,"edwardian parasol red",6,"2010-12-01 09:32:00",4.95,17850,"United Kingdom"
536375,21068,"vintage billboard love/hate mug",6,"2010-12-01 09:32:00",1.06,17850,"United Kingdom"
536375,21071,"vintage billboard drink me mug",6,"2010-12-01 09:32:00",1.06,17850,"United Kingdom"
536375,21730,"glass star frosted t-light holder",6,"2010-12-01 09:32:00",4.25,17850,"United Kingdom"
536375,21871,"save the planet mug",6,"2010-12-01 09:32:00",1.06,17850,"United Kingdom"
536375,22752,"set 7 babushka nesting boxes",2,"2010-12-01 09:32:00",7.65,17850,"United Kingdom"
536375,37370,"retro coffee mugs assorted",6,"2010-12-01 09:32:00",1.06,17850,"United Kingdom"
536375,71053,"white metal lantern",6,"2010-12-01 09:32:00",3.39,17850,"United Kingdom"
536375,82482,"wooden picture frame white finish",6,"2010-12-01 09:32:00",2.1,17850,"United Kingdom"
536375,82483,"wood 2 drawer cabinet white finish",2,"2010-12-01 09:32:00",4.95,17850,"United Kingdom"
536375,82486,"wood s/3 cabinet ant white finish",4,"2010-12-01 09:32:00",6.95,17850,"United Kingdom"
536375,82494L,"wooden frame antique white",6,"2010-12-01 09:32:00",2.55,17850,"United Kingdom"
536375,84029E,"red woolly hottie white heart",6,"2010-12-01 09:32:00",3.39,17850,"United Kingdom"
536375,84029G,"knitted union flag hot water bottle",6,"2010-12-01 09:32:00",3.39,17850,"United Kingdom"
536375,84406B,"cream cupid hearts coat hanger",8,"2010-12-01 09:32:00",2.75,17850,"United Kingdom"
536375,85123A,"white hanging heart t-light holder",6,"2010-12-01 09:32:00",2.55,17850,"United Kingdom"
536376,21733,"red hanging heart t-light holder",64,"2010-12-01 09:32:00",2.55,15291,"United Kingdom"
536376,22114,"hot water bottle tea and sympathy",48,"2010-12-01 09:32:00",3.45,15291,"United Kingdom"
536377,22632,"hand warmer red polka dot",6,"2010-12-01 09:34:00",1.85,17850,"United Kingdom"
536377,22633,"hand warmer union jack",6,"2010-12-01 09:34:00",1.85,17850,"United Kingdom"
536378,20723,"strawberry charlotte bag",10,"2010-12-01 09:37:00",0.85,14688,"United Kingdom"
536378,20725,"lunch bag red retrospot",10,"2010-12-01 09:37:00",1.65,14688,"United Kingdom"
536378,21033,"jumbo bag charlie and lola toys",10,"2010-12-01 09:37:00",2.95,14688,"United Kingdom"
536378,21094,"set/6 red spotty paper plates",12,"2010-12-01 09:37:00",0.85,14688,"United Kingdom"
536378,21212,"pack of 72 retrospot cake cases",120,"2010-12-01 09:37:00",0.42,14688,"United Kingdom"
536378,21559,"strawberry lunch box with cutlery",6,"2010-12-01 09:37:00",2.55,14688,"United Kingdom"
536378,21929,"jumbo bag pink vintage paisley",10,"2010-12-01 09:37:00",1.95,14688,"United Kingdom"
536378,21931,"jumbo storage bag suki",10,"2010-12-01 09:37:00",1.95,14688,"United Kingdom"
536378,21975,"pack of 60 dinosaur cake cases",24,"2010-12-01 09:37:00",0.55,14688,"United Kingdom"
536378,21977,"pack of 60 pink paisley cake cases",24,"2010-12-01 09:37:00",0.55,14688,"United Kingdom"
536378,22352,"lunch box with cutlery retrospot",6,"2010-12-01 09:37:00",2.55,14688,"United Kingdom"
536378,22386,"jumbo bag pink polkadot",10,"2010-12-01 09:37:00",1.95,14688,"United Kingdom"
536378,84519A,"tomato charlie+lola coaster set",6,"2010-12-01 09:37:00",2.95,14688,"United Kingdom"
536378,84991,"60 teatime fairy cake cases",24,"2010-12-01 09:37:00",0.55,14688,"United Kingdom"
536378,84997B,"red 3 piece retrospot cutlery set",12,"2010-12-01 09:37:00",3.75,14688,"United Kingdom"
536378,84997C,"blue 3 piece polkadot cutlery set",6,"2010-12-01 09:37:00",3.75,14688,"United Kingdom"
536378,85071B,"red charlie+lola personal doorsign",96,"2010-12-01 09:37:00",0.38,14688,"United Kingdom"
536378,85099C,"jumbo  bag baroque black white",10,"2010-12-01 09:37:00",1.95,14688,"United Kingdom"
536378,85183B,"charlie & lola wastepaper bin flora",48,"2010-12-01 09:37:00",1.25,14688,"United Kingdom"
536380,22961,"jam making set printed",24,"2010-12-01 09:41:00",1.45,17809,"United Kingdom"
536381,15056BL,"edwardian parasol black",2,"2010-12-01 09:41:00",5.95,15311,"United Kingdom"
536381,15056N,"edwardian parasol natural",2,"2010-12-01 09:41:00",5.95,15311,"United Kingdom"
536381,21166,"cook with wine metal sign",1,"2010-12-01 09:41:00",1.95,15311,"United Kingdom"
536381,21169,"you're confusing me metal sign",3,"2010-12-01 09:41:00",1.69,15311,"United Kingdom"
536381,21175,"gin + tonic diet metal sign",2,"2010-12-01 09:41:00",2.1,15311,"United Kingdom"
536381,21523,"doormat fancy font home sweet home",10,"2010-12-01 09:41:00",6.75,15311,"United Kingdom"
536381,21533,"retrospot large milk jug",1,"2010-12-01 09:41:00",4.95,15311,"United Kingdom"
536381,21557,"set of 6 funky beakers",2,"2010-12-01 09:41:00",2.95,15311,"United Kingdom"
536381,21672,"white spot red ceramic drawer knob",6,"2010-12-01 09:41:00",1.25,15311,"United Kingdom"
536381,21731,"red toadstool led night light",2,"2010-12-01 09:41:00",1.65,15311,"United Kingdom"
536381,21934,"skull shoulder bag",10,"2010-12-01 09:41:00",1.65,15311,"United Kingdom"
536381,22083,"paper chain kit retrospot",1,"2010-12-01 09:41:00",2.95,15311,"United Kingdom"
536381,22086,"paper chain kit 50's christmas",4,"2010-12-01 09:41:00",2.95,15311,"United Kingdom"
536381,22139,"retrospot tea set ceramic 11 pc",23,"2010-12-01 09:41:00",4.25,15311,"United Kingdom"
536381,22176,"blue owl soft toy",1,"2010-12-01 09:41:00",2.95,15311,"United Kingdom"
536381,22261,"felt egg cosy white rabbit",1,"2010-12-01 09:41:00",0.85,15311,"United Kingdom"
536381,22262,"felt egg cosy chicken",1,"2010-12-01 09:41:00",0.85,15311,"United Kingdom"
536381,22411,"jumbo shopper vintage red paisley",10,"2010-12-01 09:41:00",1.95,15311,"United Kingdom"
536381,22438,"balloon art make your own flowers",1,"2010-12-01 09:41:00",1.95,15311,"United Kingdom"
536381,22637,"piggy bank retrospot",1,"2010-12-01 09:41:00",2.55,15311,"United Kingdom"
536381,22644,"ceramic cherry cake money bank",1,"2010-12-01 09:41:00",1.45,15311,"United Kingdom"
536381,22646,"ceramic strawberry cake money bank",4,"2010-12-01 09:41:00",1.45,15311,"United Kingdom"
536381,22719,"gumball monochrome coat rack",36,"2010-12-01 09:41:00",1.06,15311,"United Kingdom"
536381,22771,"clear drawer knob acrylic edwardian",24,"2010-12-01 09:41:00",1.25,15311,"United Kingdom"
536381,22774,"red drawer knob acrylic edwardian",24,"2010-12-01 09:41:00",1.25,15311,"United Kingdom"
536381,22778,"glass cloche small",3,"2010-12-01 09:41:00",3.95,15311,"United Kingdom"
536381,37444A,"yellow breakfast cup and saucer",1,"2010-12-01 09:41:00",2.95,15311,"United Kingdom"
536381,37444C,"pink breakfast cup and saucer",1,"2010-12-01 09:41:00",2.95,15311,"United Kingdom"
536381,47580,"tea time des tea cosy",2,"2010-12-01 09:41:00",2.55,15311,"United Kingdom"
536381,71270,"photo clip line",1,"2010-12-01 09:41:00",1.25,15311,"United Kingdom"
536381,71270,"photo clip line",3,"2010-12-01 09:41:00",1.25,15311,"United Kingdom"
536381,82567,"airline lounge,metal sign",2,"2010-12-01 09:41:00",2.1,15311,"United Kingdom"
536381,84832,"zinc willie winkie  candle stick",1,"2010-12-01 09:41:00",0.85,15311,"United Kingdom"
536381,84854,"girly pink tool set",5,"2010-12-01 09:41:00",4.95,15311,"United Kingdom"
536381,84971S,"small heart flowers hook",6,"2010-12-01 09:41:00",0.85,15311,"United Kingdom"
536382,10002,"inflatable political globe",12,"2010-12-01 09:45:00",0.85,16098,"United Kingdom"
536382,21832,"chocolate calculator",12,"2010-12-01 09:45:00",1.65,16098,"United Kingdom"
536382,21912,"vintage snakes & ladders",8,"2010-12-01 09:45:00",3.75,16098,"United Kingdom"
536382,22379,"recycling bag retrospot",10,"2010-12-01 09:45:00",2.1,16098,"United Kingdom"
536382,22381,"toy tidy pink polkadot",50,"2010-12-01 09:45:00",1.85,16098,"United Kingdom"
536382,22411,"jumbo shopper vintage red paisley",10,"2010-12-01 09:45:00",1.95,16098,"United Kingdom"
536382,22726,"alarm clock bakelike green",4,"2010-12-01 09:45:00",3.75,16098,"United Kingdom"
536382,22783,"set 3 wicker oval baskets w lids",4,"2010-12-01 09:45:00",16.95,16098,"United Kingdom"
536382,22798,"antique glass dressing table pot",8,"2010-12-01 09:45:00",2.95,16098,"United Kingdom"
536382,22838,"3 tier cake tin red and cream",2,"2010-12-01 09:45:00",14.95,16098,"United Kingdom"
536382,22839,"3 tier cake tin green and cream",2,"2010-12-01 09:45:00",14.95,16098,"United Kingdom"
536382,22926,"ivory giant garden thermometer",12,"2010-12-01 09:45:00",5.95,16098,"United Kingdom"
536384,21324,"hanging medina lantern small",6,"2010-12-01 09:53:00",2.95,18074,"United Kingdom"
536384,21340,"classic metal birdcage plant holder",2,"2010-12-01 09:53:00",12.75,18074,"United Kingdom"
536384,22189,"cream heart card holder",4,"2010-12-01 09:53:00",3.95,18074,"United Kingdom"
536384,22224,"white lovebird lantern",6,"2010-12-01 09:53:00",2.95,18074,"United Kingdom"
536384,22424,"enamel bread bin cream",8,"2010-12-01 09:53:00",10.95,18074,"United Kingdom"
536384,22427,"enamel flower jug cream",3,"2010-12-01 09:53:00",5.95,18074,"United Kingdom"
536384,22428,"enamel fire bucket cream",6,"2010-12-01 09:53:00",6.95,18074,"United Kingdom"
536384,22457,"natural slate heart chalkboard",12,"2010-12-01 09:53:00",2.95,18074,"United Kingdom"
536384,22464,"hanging metal heart lantern",12,"2010-12-01 09:53:00",1.65,18074,"United Kingdom"
536384,22469,"heart of wicker small",40,"2010-12-01 09:53:00",1.45,18074,"United Kingdom"
536384,22470,"heart of wicker large",40,"2010-12-01 09:53:00",2.55,18074,"United Kingdom"
536384,82484,"wood black board ant white finish",3,"2010-12-01 09:53:00",6.45,18074,"United Kingdom"
536384,84755,"colour glass t-light holder hanging",48,"2010-12-01 09:53:00",0.65,18074,"United Kingdom"
536385,22168,"organiser wood antique white",2,"2010-12-01 09:56:00",8.5,17420,"United Kingdom"
536385,22662,"lunch bag dolly girl design",10,"2010-12-01 09:56:00",1.65,17420,"United Kingdom"
536385,22663,"jumbo bag dolly girl design",10,"2010-12-01 09:56:00",1.95,17420,"United Kingdom"
536385,22783,"set 3 wicker oval baskets w lids",1,"2010-12-01 09:56:00",19.95,17420,"United Kingdom"
536385,22960,"jam making set with jars",6,"2010-12-01 09:56:00",4.25,17420,"United Kingdom"
536385,22961,"jam making set printed",12,"2010-12-01 09:56:00",1.45,17420,"United Kingdom"
536385,85049A,"traditional christmas ribbons",12,"2010-12-01 09:56:00",1.25,17420,"United Kingdom"
536386,84880,"white wire egg holder",36,"2010-12-01 09:57:00",4.95,16029,"United Kingdom"
536386,85099B,"jumbo bag red retrospot",100,"2010-12-01 09:57:00",1.65,16029,"United Kingdom"
536386,85099C,"jumbo  bag baroque black white",100,"2010-12-01 09:57:00",1.65,16029,"United Kingdom"
536387,21731,"red toadstool led night light",432,"2010-12-01 09:58:00",1.25,16029,"United Kingdom"
536387,22466,"fairy tale cottage nightlight",432,"2010-12-01 09:58:00",1.45,16029,"United Kingdom"
536387,22779,"wooden owls light garland",192,"2010-12-01 09:58:00",3.37,16029,"United Kingdom"
536387,22780,"light garland butterfiles pink",192,"2010-12-01 09:58:00",3.37,16029,"United Kingdom"
536387,79321,"chilli lights",192,"2010-12-01 09:58:00",3.82,16029,"United Kingdom"
536388,21115,"rose caravan doorstop",4,"2010-12-01 09:59:00",6.75,16250,"United Kingdom"
536388,21363,"home small wood letters",3,"2010-12-01 09:59:00",4.95,16250,"United Kingdom"
536388,21411,"gingham heart  doorstop red",3,"2010-12-01 09:59:00",4.25,16250,"United Kingdom"
536388,21523,"doormat fancy font home sweet home",2,"2010-12-01 09:59:00",7.95,16250,"United Kingdom"
536388,21754,"home building block word",3,"2010-12-01 09:59:00",5.95,16250,"United Kingdom"
536388,21755,"love building block word",3,"2010-12-01 09:59:00",5.95,16250,"United Kingdom"
536388,22242,"5 hook hanger magic toadstool",12,"2010-12-01 09:59:00",1.65,16250,"United Kingdom"
536388,22318,"five heart hanging decoration",6,"2010-12-01 09:59:00",2.95,16250,"United Kingdom"
536388,22464,"hanging metal heart lantern",12,"2010-12-01 09:59:00",1.65,16250,"United Kingdom"
536388,22469,"heart of wicker small",12,"2010-12-01 09:59:00",1.65,16250,"United Kingdom"
536388,22915,"assorted bottle top  magnets",12,"2010-12-01 09:59:00",0.42,16250,"United Kingdom"
536388,22922,"fridge magnets us diner assorted",12,"2010-12-01 09:59:00",0.85,16250,"United Kingdom"
536388,22923,"fridge magnets les enfants assorted",12,"2010-12-01 09:59:00",0.85,16250,"United Kingdom"
536388,22969,"homemade jam scented candles",12,"2010-12-01 09:59:00",1.45,16250,"United Kingdom"
536389,21622,"vintage union jack cushion cover",8,"2010-12-01 10:03:00",4.95,12431,Australia
536389,21791,"vintage heads and tails card game",12,"2010-12-01 10:03:00",1.25,12431,Australia
536389,22191,"ivory diner wall clock",2,"2010-12-01 10:03:00",8.5,12431,Australia
536389,22192,"blue diner wall clock",2,"2010-12-01 10:03:00",8.5,12431,Australia
536389,22193,"red diner wall clock",2,"2010-12-01 10:03:00",8.5,12431,Australia
536389,22195,"large heart measuring spoons",24,"2010-12-01 10:03:00",1.65,12431,Australia
536389,22196,"small heart measuring spoons",24,"2010-12-01 10:03:00",0.85,12431,Australia
536389,22726,"alarm clock bakelike green",4,"2010-12-01 10:03:00",3.75,12431,Australia
536389,22727,"alarm clock bakelike red",4,"2010-12-01 10:03:00",3.75,12431,Australia
536389,22941,"christmas lights 10 reindeer",6,"2010-12-01 10:03:00",8.5,12431,Australia
536389,35004C,"set of 3 coloured  flying ducks",6,"2010-12-01 10:03:00",5.45,12431,Australia
536389,35004G,"set of 3 gold flying ducks",4,"2010-12-01 10:03:00",6.35,12431,Australia
536389,85014A,"black/blue polkadot umbrella",3,"2010-12-01 10:03:00",5.95,12431,Australia
536389,85014B,"red retrospot umbrella",6,"2010-12-01 10:03:00",5.95,12431,Australia
536390,20668,"disco ball christmas decoration",288,"2010-12-01 10:19:00",0.1,17511,"United Kingdom"
536390,21080,"set/20 red retrospot paper napkins",96,"2010-12-01 10:19:00",0.64,17511,"United Kingdom"
536390,21086,"set/6 red spotty paper cups",48,"2010-12-01 10:19:00",0.65,17511,"United Kingdom"
536390,21094,"set/6 red spotty paper plates",96,"2010-12-01 10:19:00",0.64,17511,"United Kingdom"
536390,21485,"retrospot heart hot water bottle",24,"2010-12-01 10:19:00",4.25,17511,"United Kingdom"
536390,21533,"retrospot large milk jug",12,"2010-12-01 10:19:00",4.25,17511,"United Kingdom"
536390,21786,"polkadot rain hat",144,"2010-12-01 10:19:00",0.32,17511,"United Kingdom"
536390,22174,"photo cube",48,"2010-12-01 10:19:00",1.48,17511,"United Kingdom"
536390,22197,"small popcorn holder",100,"2010-12-01 10:19:00",0.72,17511,"United Kingdom"
536390,22198,"large popcorn holder",50,"2010-12-01 10:19:00",1.45,17511,"United Kingdom"
536390,22654,"deluxe sewing kit",40,"2010-12-01 10:19:00",4.95,17511,"United Kingdom"
536390,22910,"paper chain kit vintage christmas",40,"2010-12-01 10:19:00",2.55,17511,"United Kingdom"
536390,22941,"christmas lights 10 reindeer",2,"2010-12-01 10:19:00",8.5,17511,"United Kingdom"
536390,22960,"jam making set with jars",12,"2010-12-01 10:19:00",3.75,17511,"United Kingdom"
536390,22961,"jam making set printed",12,"2010-12-01 10:19:00",1.45,17511,"United Kingdom"
536390,22962,"jam jar with pink lid",48,"2010-12-01 10:19:00",0.72,17511,"United Kingdom"
536390,22963,"jam jar with green lid",48,"2010-12-01 10:19:00",0.72,17511,"United Kingdom"
536390,22968,"rose cottage keepsake box",8,"2010-12-01 10:19:00",8.5,17511,"United Kingdom"
536390,22969,"homemade jam scented candles",96,"2010-12-01 10:19:00",1.25,17511,"United Kingdom"
536390,84029G,"knitted union flag hot water bottle",24,"2010-12-01 10:19:00",3.39,17511,"United Kingdom"
536390,84030E,"english rose hot water bottle",24,"2010-12-01 10:19:00",3.75,17511,"United Kingdom"
536390,84970S,"hanging heart zinc t-light holder",144,"2010-12-01 10:19:00",0.64,17511,"United Kingdom"
536390,85099B,"jumbo bag red retrospot",100,"2010-12-01 10:19:00",1.65,17511,"United Kingdom"
536390,85123A,"white hanging heart t-light holder",64,"2010-12-01 10:19:00",2.55,17511,"United Kingdom"
536392,21889,"wooden box of dominoes",12,"2010-12-01 10:29:00",1.25,13705,"United Kingdom"
536392,21891,"traditional wooden skipping rope",12,"2010-12-01 10:29:00",1.25,13705,"United Kingdom"
536392,22127,"party cones carnival assorted",12,"2010-12-01 10:29:00",1.25,13705,"United Kingdom"
536392,22128,"party cones candy assorted",12,"2010-12-01 10:29:00",1.25,13705,"United Kingdom"
536392,22150,"3 stripey mice feltcraft",6,"2010-12-01 10:29:00",1.95,13705,"United Kingdom"
536392,22338,"star decoration painted zinc",24,"2010-12-01 10:29:00",0.65,13705,"United Kingdom"
536392,22502,"picnic basket wicker small",4,"2010-12-01 10:29:00",5.95,13705,"United Kingdom"
536392,22619,"set of 6 soldier skittles",4,"2010-12-01 10:29:00",3.75,13705,"United Kingdom"
536392,22827,"rustic  seventeen drawer sideboard",1,"2010-12-01 10:29:00",165,13705,"United Kingdom"
536392,84879,"assorted colour bird ornament",16,"2010-12-01 10:29:00",1.69,13705,"United Kingdom"
536393,22180,"retrospot lamp",8,"2010-12-01 10:37:00",9.95,13747,"United Kingdom"
536394,21485,"retrospot heart hot water bottle",12,"2010-12-01 10:39:00",4.95,13408,"United Kingdom"
536394,21506,"fancy font birthday card",24,"2010-12-01 10:39:00",0.42,13408,"United Kingdom"
536394,22349,"dog bowl chasing ball design",12,"2010-12-01 10:39:00",3.75,13408,"United Kingdom"
536394,22558,"clothes pegs retrospot pack 24",48,"2010-12-01 10:39:00",1.25,13408,"United Kingdom"
536394,22632,"hand warmer red retrospot",96,"2010-12-01 10:39:00",1.85,13408,"United Kingdom"
536394,22633,"hand warmer union jack",96,"2010-12-01 10:39:00",1.85,13408,"United Kingdom"
536394,22652,"travel sewing kit",20,"2010-12-01 10:39:00",1.65,13408,"United Kingdom"
536394,22865,"hand warmer owl design",96,"2010-12-01 10:39:00",1.85,13408,"United Kingdom"
536394,22866,"hand warmer scotty dog design",96,"2010-12-01 10:39:00",1.85,13408,"United Kingdom"
536394,85123A,"white hanging heart t-light holder",32,"2010-12-01 10:39:00",2.55,13408,"United Kingdom"
536394,85152,"hand over the chocolate   sign",12,"2010-12-01 10:39:00",2.1,13408,"United Kingdom"
536395,21212,"pack of 72 retrospot cake cases",24,"2010-12-01 10:47:00",0.55,13767,"United Kingdom"
536395,21314,"small glass heart trinket pot",8,"2010-12-01 10:47:00",2.1,13767,"United Kingdom"
536395,21484,"chick grey hot water bottle",8,"2010-12-01 10:47:00",3.45,13767,"United Kingdom"
536395,21977,"pack of 60 pink paisley cake cases",24,"2010-12-01 10:47:00",0.55,13767,"United Kingdom"
536395,22114,"hot water bottle tea and sympathy",8,"2010-12-01 10:47:00",3.95,13767,"United Kingdom"
536395,22188,"black heart card holder",8,"2010-12-01 10:47:00",3.95,13767,"United Kingdom"
536395,22726,"alarm clock bakelike green",8,"2010-12-01 10:47:00",3.75,13767,"United Kingdom"
536395,22727,"alarm clock bakelike red",8,"2010-12-01 10:47:00",3.75,13767,"United Kingdom"
536395,22729,"alarm clock bakelike orange",8,"2010-12-01 10:47:00",3.75,13767,"United Kingdom"
536395,22730,"alarm clock bakelike ivory",4,"2010-12-01 10:47:00",3.75,13767,"United Kingdom"
536395,22866,"hand warmer scotty dog design",48,"2010-12-01 10:47:00",2.1,13767,"United Kingdom"
536395,22867,"hand warmer bird design",48,"2010-12-01 10:47:00",2.1,13767,"United Kingdom"
536395,84879,"assorted colour bird ornament",32,"2010-12-01 10:47:00",1.69,13767,"United Kingdom"
536395,84991,"60 teatime fairy cake cases",24,"2010-12-01 10:47:00",0.55,13767,"United Kingdom"
536396,15056BL,"edwardian parasol black",6,"2010-12-01 10:51:00",4.95,17850,"United Kingdom"
536396,20679,"edwardian parasol red",6,"2010-12-01 10:51:00",4.95,17850,"United Kingdom"
536396,21068,"vintage billboard love/hate mug",6,"2010-12-01 10:51:00",1.06,17850,"United Kingdom"
536396,21071,"vintage billboard drink me mug",6,"2010-12-01 10:51:00",1.06,17850,"United Kingdom"
536396,21730,"glass star frosted t-light holder",6,"2010-12-01 10:51:00",4.25,17850,"United Kingdom"
536396,21871,"save the planet mug",6,"2010-12-01 10:51:00",1.06,17850,"United Kingdom"
536396,22752,"set 7 babushka nesting boxes",2,"2010-12-01 10:51:00",7.65,17850,"United Kingdom"
536396,22803,"ivory embroidered quilt",2,"2010-12-01 10:51:00",35.75,17850,"United Kingdom"
536396,37370,"retro coffee mugs assorted",6,"2010-12-01 10:51:00",1.06,17850,"United Kingdom"
536396,71053,"white metal lantern",6,"2010-12-01 10:51:00",3.39,17850,"United Kingdom"
536396,82482,"wooden picture frame white finish",6,"2010-12-01 10:51:00",2.1,17850,"United Kingdom"
536396,82483,"wood 2 drawer cabinet white finish",2,"2010-12-01 10:51:00",4.95,17850,"United Kingdom"
536396,82486,"wood s/3 cabinet ant white finish",4,"2010-12-01 10:51:00",6.95,17850,"United Kingdom"
536396,82494L,"wooden frame antique white",12,"2010-12-01 10:51:00",2.55,17850,"United Kingdom"
536396,84029E,"red woolly hottie white heart",6,"2010-12-01 10:51:00",3.39,17850,"United Kingdom"
536396,84029G,"knitted union flag hot water bottle",6,"2010-12-01 10:51:00",3.39,17850,"United Kingdom"
536396,84406B,"cream cupid hearts coat hanger",8,"2010-12-01 10:51:00",2.75,17850,"United Kingdom"
536396,85123A,"white hanging heart t-light holder",6,"2010-12-01 10:51:00",2.55,17850,"United Kingdom"
536397,35004B,"set of 3 black flying ducks",12,"2010-12-01 10:51:00",4.65,17924,"United Kingdom"
536397,35004C,"set of 3 coloured  flying ducks",48,"2010-12-01 10:51:00",4.65,17924,"United Kingdom"
536398,21232,"strawberry ceramic trinket box",12,"2010-12-01 10:52:00",1.25,13448,"United Kingdom"
536398,21479,"white skull hot water bottle",4,"2010-12-01 10:52:00",3.75,13448,"United Kingdom"
536398,21844,"red retrospot mug",6,"2010-12-01 10:52:00",2.95,13448,"United Kingdom"
536398,21980,"pack of 12 red retrospot tissues",24,"2010-12-01 10:52:00",0.29,13448,"United Kingdom"
536398,22064,"pink doughnut trinket pot",12,"2010-12-01 10:52:00",1.65,13448,"United Kingdom"
536398,22111,"scottie dog hot water bottle",9,"2010-12-01 10:52:00",4.95,13448,"United Kingdom"
536398,22112,"chocolate hot water bottle",9,"2010-12-01 10:52:00",4.95,13448,"United Kingdom"
536398,22114,"hot water bottle tea and sympathy",4,"2010-12-01 10:52:00",3.95,13448,"United Kingdom"
536398,22449,"silk purse babushka pink",6,"2010-12-01 10:52:00",3.35,13448,"United Kingdom"
536398,22468,"babushka lights string of 10",4,"2010-12-01 10:52:00",6.75,13448,"United Kingdom"
536398,22632,"hand warmer red retrospot",12,"2010-12-01 10:52:00",2.1,13448,"United Kingdom"
536398,22637,"piggy bank retrospot",8,"2010-12-01 10:52:00",2.55,13448,"United Kingdom"
536398,22752,"set 7 babushka nesting boxes",6,"2010-12-01 10:52:00",8.5,13448,"United Kingdom"
536398,22835,"hot water bottle i am so poorly",8,"2010-12-01 10:52:00",4.65,13448,"United Kingdom"
536398,22865,"hand warmer owl design",12,"2010-12-01 10:52:00",2.1,13448,"United Kingdom"
536398,22866,"hand warmer scotty dog design",12,"2010-12-01 10:52:00",2.1,13448,"United Kingdom"
536398,48185,"doormat fairy cake",2,"2010-12-01 10:52:00",7.95,13448,"United Kingdom"
536399,22632,"hand warmer red polka dot",6,"2010-12-01 10:52:00",1.85,17850,"United Kingdom"
536399,22633,"hand warmer union jack",6,"2010-12-01 10:52:00",1.85,17850,"United Kingdom"
536400,22969,"homemade jam scented candles",12,"2010-12-01 10:53:00",1.45,13448,"United Kingdom"
536401,17091A,"lavender incense in tin",1,"2010-12-01 11:21:00",1.25,15862,"United Kingdom"
536401,20725,"lunch bag red retrospot",1,"2010-12-01 11:21:00",1.65,15862,"United Kingdom"
536401,20726,"lunch bag woodland",1,"2010-12-01 11:21:00",1.65,15862,"United Kingdom"
536401,20749,"assorted colour mini cases",1,"2010-12-01 11:21:00",7.95,15862,"United Kingdom"
536401,20820,"silver looking mirror",3,"2010-12-01 11:21:00",4.95,15862,"United Kingdom"
536401,20961,"strawberry bath sponge",1,"2010-12-01 11:21:00",1.25,15862,"United Kingdom"
536401,20963,"apple bath sponge",1,"2010-12-01 11:21:00",1.25,15862,"United Kingdom"
536401,20966,"sandwich bath sponge",3,"2010-12-01 11:21:00",1.25,15862,"United Kingdom"
536401,20992,"jazz hearts purse notebook",9,"2010-12-01 11:21:00",0.85,15862,"United Kingdom"
536401,21033,"jumbo bag charlie and lola toys",4,"2010-12-01 11:21:00",2.95,15862,"United Kingdom"
536401,21108,"fairy cake flannel assorted colour",9,"2010-12-01 11:21:00",2.55,15862,"United Kingdom"
536401,21122,"set/10 pink polkadot party candles",1,"2010-12-01 11:21:00",1.25,15862,"United Kingdom"
536401,21169,"you're confusing me metal sign",2,"2010-12-01 11:21:00",1.69,15862,"United Kingdom"
536401,21328,"balloons  writing set",1,"2010-12-01 11:21:00",1.65,15862,"United Kingdom"
536401,21463,"mirrored disco ball",1,"2010-12-01 11:21:00",5.95,15862,"United Kingdom"
536401,21464,"disco ball rotator battery operated",1,"2010-12-01 11:21:00",4.25,15862,"United Kingdom"
536401,21587,"cosy hour giant tube matches",2,"2010-12-01 11:21:00",2.55,15862,"United Kingdom"
536401,21592,"retrospot cigar box matches",1,"2010-12-01 11:21:00",1.25,15862,"United Kingdom"
536401,21743,"star portable table light",2,"2010-12-01 11:21:00",2.95,15862,"United Kingdom"
536401,21744,"snowflake portable table light",2,"2010-12-01 11:21:00",2.95,15862,"United Kingdom"
536401,21907,"i'm on holiday metal sign",2,"2010-12-01 11:21:00",2.1,15862,"United Kingdom"
536401,22068,"black pirate treasure chest",2,"2010-12-01 11:21:00",1.65,15862,"United Kingdom"
536401,22098,"boudoir square tissue box",1,"2010-12-01 11:21:00",1.25,15862,"United Kingdom"
536401,22100,"skulls square tissue box",2,"2010-12-01 11:21:00",1.25,15862,"United Kingdom"
536401,22110,"bird house hot water bottle",1,"2010-12-01 11:21:00",2.55,15862,"United Kingdom"
536401,22117,"metal sign her dinner is served",1,"2010-12-01 11:21:00",2.95,15862,"United Kingdom"
536401,22382,"lunch bag spaceboy design",2,"2010-12-01 11:21:00",1.65,15862,"United Kingdom"
536401,22384,"lunch bag pink polkadot",1,"2010-12-01 11:21:00",1.65,15862,"United Kingdom"
536401,22413,"metal sign take it or leave it",4,"2010-12-01 11:21:00",2.95,15862,"United Kingdom"
536401,22428,"enamel fire bucket cream",2,"2010-12-01 11:21:00",6.95,15862,"United Kingdom"
536401,22435,"set of 9 heart shaped balloons",2,"2010-12-01 11:21:00",1.25,15862,"United Kingdom"
536401,22441,"grow your own basil in enamel mug",1,"2010-12-01 11:21:00",2.1,15862,"United Kingdom"
536401,22451,"silk purse babushka red",1,"2010-12-01 11:21:00",3.35,15862,"United Kingdom"
536401,22467,"gumball coat rack",5,"2010-12-01 11:21:00",2.55,15862,"United Kingdom"
536401,22473,"tv dinner tray vintage paisley",1,"2010-12-01 11:21:00",4.95,15862,"United Kingdom"
536401,22502,"picnic basket wicker small",2,"2010-12-01 11:21:00",5.95,15862,"United Kingdom"
536401,22549,"picture dominoes",1,"2010-12-01 11:21:00",1.45,15862,"United Kingdom"
536401,22662,"lunch bag dolly girl design",1,"2010-12-01 11:21:00",1.65,15862,"United Kingdom"
536401,22766,"photo frame cornice",1,"2010-12-01 11:21:00",2.95,15862,"United Kingdom"
536401,22767,"triple photo frame cornice",2,"2010-12-01 11:21:00",9.95,15862,"United Kingdom"
536401,22768,"family photo frame cornice",1,"2010-12-01 11:21:00",9.95,15862,"United Kingdom"
536401,22804,"candleholder pink hanging heart",3,"2010-12-01 11:21:00",2.95,15862,"United Kingdom"
536401,22809,"set of 6 t-lights santa",1,"2010-12-01 11:21:00",2.95,15862,"United Kingdom"
536401,22810,"set of 6 t-lights snowmen",1,"2010-12-01 11:21:00",2.95,15862,"United Kingdom"
536401,22848,"bread bin diner style pink",1,"2010-12-01 11:21:00",16.95,15862,"United Kingdom"
536401,22851,"set 20 napkins fairy cakes design",1,"2010-12-01 11:21:00",0.85,15862,"United Kingdom"
536401,22961,"jam making set printed",4,"2010-12-01 11:21:00",1.45,15862,"United Kingdom"
536401,47570B,"tea time table cloth",1,"2010-12-01 11:21:00",10.65,15862,"United Kingdom"
536401,48129,"doormat topiary",1,"2010-12-01 11:21:00",7.95,15862,"United Kingdom"
536401,82483,"wood 2 drawer cabinet white finish",1,"2010-12-01 11:21:00",5.95,15862,"United Kingdom"
536401,82578,"kitchen metal sign",1,"2010-12-01 11:21:00",0.55,15862,"United Kingdom"
536401,82580,"bathroom metal sign",1,"2010-12-01 11:21:00",0.55,15862,"United Kingdom"
536401,82581,"toilet metal sign",2,"2010-12-01 11:21:00",0.55,15862,"United Kingdom"
536401,84030E,"english rose hot water bottle",1,"2010-12-01 11:21:00",4.25,15862,"United Kingdom"
536401,84509A,"set of 4 english rose placemats",2,"2010-12-01 11:21:00",3.75,15862,"United Kingdom"
536401,84510A,"set of 4 english rose coasters",2,"2010-12-01 11:21:00",1.25,15862,"United Kingdom"
536401,84625A,"pink new baroquecandlestick candle",3,"2010-12-01 11:21:00",2.95,15862,"United Kingdom"
536401,84625C,"blue new baroque candlestick candle",3,"2010-12-01 11:21:00",2.95,15862,"United Kingdom"
536401,84709B,"pink oval jewelled mirror",1,"2010-12-01 11:21:00",5.95,15862,"United Kingdom"
536401,84744,"s/6 sew on crochet flowers",1,"2010-12-01 11:21:00",1.25,15862,"United Kingdom"
536401,84991,"60 teatime fairy cake cases",3,"2010-12-01 11:21:00",0.55,15862,"United Kingdom"
536401,85049E,"scandinavian reds ribbons",2,"2010-12-01 11:21:00",1.25,15862,"United Kingdom"
536401,85123A,"white hanging heart t-light holder",4,"2010-12-01 11:21:00",2.95,15862,"United Kingdom"
536401,85150,"ladies & gentlemen metal sign",1,"2010-12-01 11:21:00",2.55,15862,"United Kingdom"
536402,22086,"paper chain kit 50's christmas",40,"2010-12-01 11:22:00",2.55,15513,"United Kingdom"
536402,22837,"hot water bottle babushka",36,"2010-12-01 11:22:00",4.25,15513,"United Kingdom"
536402,22910,"paper chain kit vintage christmas",40,"2010-12-01 11:22:00",2.55,15513,"United Kingdom"
536403,22867,"hand warmer bird design",96,"2010-12-01 11:27:00",1.85,12791,Netherlands
536403,POST,postage,1,"2010-12-01 11:27:00",15,12791,Netherlands
536404,20727,"lunch bag  black skull",10,"2010-12-01 11:29:00",1.65,16218,"United Kingdom"
536404,20728,"lunch bag cars blue",10,"2010-12-01 11:29:00",1.65,16218,"United Kingdom"
536404,21061,"party invites football",12,"2010-12-01 11:29:00",0.85,16218,"United Kingdom"
536404,21062,"party invites spaceman",12,"2010-12-01 11:29:00",0.85,16218,"United Kingdom"
536404,21063,"party invites jazz hearts",12,"2010-12-01 11:29:00",0.85,16218,"United Kingdom"
536404,21125,"set 6 football celebration candles",12,"2010-12-01 11:29:00",1.25,16218,"United Kingdom"
536404,21126,"set of 6 girls celebration candles",12,"2010-12-01 11:29:00",1.25,16218,"United Kingdom"
536404,21212,"pack of 72 retrospot cake cases",24,"2010-12-01 11:29:00",0.55,16218,"United Kingdom"
536404,21213,"pack of 72 skull cake cases",24,"2010-12-01 11:29:00",0.55,16218,"United Kingdom"
536404,21975,"pack of 60 dinosaur cake cases",24,"2010-12-01 11:29:00",0.55,16218,"United Kingdom"
536404,22197,"small popcorn holder",36,"2010-12-01 11:29:00",0.85,16218,"United Kingdom"
536404,22296,"heart ivory trellis large",24,"2010-12-01 11:29:00",1.65,16218,"United Kingdom"
536404,22297,"heart ivory trellis small",24,"2010-12-01 11:29:00",1.25,16218,"United Kingdom"
536404,22383,"lunch bag suki  design",10,"2010-12-01 11:29:00",1.65,16218,"United Kingdom"
536404,22417,"pack of 60 spaceboy cake cases",24,"2010-12-01 11:29:00",0.55,16218,"United Kingdom"
536404,22469,"heart of wicker small",12,"2010-12-01 11:29:00",1.65,16218,"United Kingdom"
536404,22771,"clear drawer knob acrylic edwardian",12,"2010-12-01 11:29:00",1.25,16218,"United Kingdom"
536404,22772,"pink drawer knob acrylic edwardian",12,"2010-12-01 11:29:00",1.25,16218,"United Kingdom"
536404,22773,"green drawer knob acrylic edwardian",12,"2010-12-01 11:29:00",1.25,16218,"United Kingdom"
536404,22805,"blue drawer knob acrylic edwardian",12,"2010-12-01 11:29:00",1.25,16218,"United Kingdom"
536404,22964,"3 piece spaceboy cookie cutter set",12,"2010-12-01 11:29:00",2.1,16218,"United Kingdom"
536404,84378,"set of 3 heart cookie cutters",12,"2010-12-01 11:29:00",1.25,16218,"United Kingdom"
536404,84380,"set of 3 butterfly cookie cutters",12,"2010-12-01 11:29:00",1.25,16218,"United Kingdom"
536404,84992,"72 sweetheart fairy cake cases",24,"2010-12-01 11:29:00",0.55,16218,"United Kingdom"
536404,85049C,"romantic pinks ribbons",12,"2010-12-01 11:29:00",1.25,16218,"United Kingdom"
536404,85049D,"bright blues ribbons",12,"2010-12-01 11:29:00",1.25,16218,"United Kingdom"
536404,85049E,"scandinavian reds ribbons",12,"2010-12-01 11:29:00",1.25,16218,"United Kingdom"
536404,85049G,"chocolate box ribbons",12,"2010-12-01 11:29:00",1.25,16218,"United Kingdom"
536405,20914,"set/5 red retrospot lid glass bowls",128,"2010-12-01 11:32:00",2.55,14045,"United Kingdom"
536406,20679,"edwardian parasol red",6,"2010-12-01 11:33:00",4.95,17850,"United Kingdom"
536406,21068,"vintage billboard love/hate mug",6,"2010-12-01 11:33:00",1.06,17850,"United Kingdom"
536406,21071,"vintage billboard drink me mug",6,"2010-12-01 11:33:00",1.06,17850,"United Kingdom"
536406,21730,"glass star frosted t-light holder",6,"2010-12-01 11:33:00",4.25,17850,"United Kingdom"
536406,21871,"save the planet mug",6,"2010-12-01 11:33:00",1.06,17850,"United Kingdom"
536406,22752,"set 7 babushka nesting boxes",2,"2010-12-01 11:33:00",7.65,17850,"United Kingdom"
536406,22803,"ivory embroidered quilt",2,"2010-12-01 11:33:00",35.75,17850,"United Kingdom"
536406,37370,"retro coffee mugs assorted",6,"2010-12-01 11:33:00",1.06,17850,"United Kingdom"
536406,71053,"white metal lantern",8,"2010-12-01 11:33:00",3.39,17850,"United Kingdom"
536406,82482,"wooden picture frame white finish",6,"2010-12-01 11:33:00",2.1,17850,"United Kingdom"
536406,82483,"wood 2 drawer cabinet white finish",4,"2010-12-01 11:33:00",4.95,17850,"United Kingdom"
536406,82486,"wood s/3 cabinet ant white finish",4,"2010-12-01 11:33:00",6.95,17850,"United Kingdom"
536406,82494L,"wooden frame antique white",6,"2010-12-01 11:33:00",2.55,17850,"United Kingdom"
536406,84029E,"red woolly hottie white heart",6,"2010-12-01 11:33:00",3.39,17850,"United Kingdom"
536406,84029G,"knitted union flag hot water bottle",6,"2010-12-01 11:33:00",3.39,17850,"United Kingdom"
536406,84406B,"cream cupid hearts coat hanger",8,"2010-12-01 11:33:00",2.75,17850,"United Kingdom"
536406,85123A,"white hanging heart t-light holder",8,"2010-12-01 11:33:00",2.55,17850,"United Kingdom"
536407,22632,"hand warmer red polka dot",6,"2010-12-01 11:34:00",1.85,17850,"United Kingdom"
536407,22633,"hand warmer union jack",6,"2010-12-01 11:34:00",1.85,17850,"United Kingdom"
536408,16237,"sleeping cat erasers",30,"2010-12-01 11:41:00",0.21,14307,"United Kingdom"
536408,20685,"doormat red retrospot",2,"2010-12-01 11:41:00",7.95,14307,"United Kingdom"
536408,20982,"12 pencils tall tube skulls",12,"2010-12-01 11:41:00",0.85,14307,"United Kingdom"
536408,21210,"set of 72 retrospot paper  doilies",12,"2010-12-01 11:41:00",1.45,14307,"United Kingdom"
536408,21212,"pack of 72 retrospot cake cases",24,"2010-12-01 11:41:00",0.55,14307,"United Kingdom"
536408,21479,"white skull hot water bottle",4,"2010-12-01 11:41:00",3.75,14307,"United Kingdom"
536408,21544,"skulls  water transfer tattoos",12,"2010-12-01 11:41:00",0.85,14307,"United Kingdom"
536408,21587,"cosy hour giant tube matches",12,"2010-12-01 11:41:00",2.55,14307,"United Kingdom"
536408,21705,"bag 500g swirly marbles",12,"2010-12-01 11:41:00",1.65,14307,"United Kingdom"
536408,21733,"red hanging heart t-light holder",6,"2010-12-01 11:41:00",2.95,14307,"United Kingdom"
536408,21754,"home building block word",3,"2010-12-01 11:41:00",5.95,14307,"United Kingdom"
536408,21755,"love building block word",3,"2010-12-01 11:41:00",5.95,14307,"United Kingdom"
536408,21832,"chocolate calculator",12,"2010-12-01 11:41:00",1.65,14307,"United Kingdom"
536408,21914,"blue harmonica in box",12,"2010-12-01 11:41:00",1.25,14307,"United Kingdom"
536408,21915,"red  harmonica in box",12,"2010-12-01 11:41:00",1.25,14307,"United Kingdom"
536408,22114,"hot water bottle tea and sympathy",4,"2010-12-01 11:41:00",3.95,14307,"United Kingdom"
536408,22178,"victorian glass hanging t-light",12,"2010-12-01 11:41:00",1.25,14307,"United Kingdom"
536408,22219,"lovebird hanging decoration white",12,"2010-12-01 11:41:00",0.85,14307,"United Kingdom"
536408,22371,"airline bag vintage tokyo 78",4,"2010-12-01 11:41:00",4.25,14307,"United Kingdom"
536408,22418,"10 colour spaceboy pen",24,"2010-12-01 11:41:00",0.85,14307,"United Kingdom"
536408,22465,"hanging metal star lantern",12,"2010-12-01 11:41:00",1.65,14307,"United Kingdom"
536408,22488,"natural slate rectangle chalkboard",12,"2010-12-01 11:41:00",1.65,14307,"United Kingdom"
536408,22492,"mini paint set vintage",36,"2010-12-01 11:41:00",0.65,14307,"United Kingdom"
536408,22533,"magic drawing slate bake a cake",24,"2010-12-01 11:41:00",0.42,14307,"United Kingdom"
536408,22537,"magic drawing slate dinosaur",24,"2010-12-01 11:41:00",0.42,14307,"United Kingdom"
536408,22553,"plasters in tin skulls",12,"2010-12-01 11:41:00",1.65,14307,"United Kingdom"
536408,22610,"pens assorted funny face",36,"2010-12-01 11:41:00",0.85,14307,"United Kingdom"
536408,22619,"set of 6 soldier skittles",4,"2010-12-01 11:41:00",3.75,14307,"United Kingdom"
536408,22620,"4 traditional spinning tops",12,"2010-12-01 11:41:00",1.25,14307,"United Kingdom"
536408,22706,"wrap cowboys",25,"2010-12-01 11:41:00",0.42,14307,"United Kingdom"
536408,22714,"card birthday cowboy",12,"2010-12-01 11:41:00",0.42,14307,"United Kingdom"
536408,22716,"card circus parade",12,"2010-12-01 11:41:00",0.42,14307,"United Kingdom"
536408,22736,"ribbon reel making snowmen",10,"2010-12-01 11:41:00",1.65,14307,"United Kingdom"
536408,22766,"photo frame cornice",8,"2010-12-01 11:41:00",2.95,14307,"United Kingdom"
536408,22812,"pack 3 boxes christmas pannetone",12,"2010-12-01 11:41:00",1.95,14307,"United Kingdom"
536408,22813,"pack 3 boxes bird pannetone",12,"2010-12-01 11:41:00",1.95,14307,"United Kingdom"
536408,22914,"blue coat rack paris fashion",3,"2010-12-01 11:41:00",4.95,14307,"United Kingdom"
536408,22964,"3 piece spaceboy cookie cutter set",6,"2010-12-01 11:41:00",2.1,14307,"United Kingdom"
536408,48194,"doormat hearts",2,"2010-12-01 11:41:00",7.95,14307,"United Kingdom"
536408,84029E,"red woolly hottie white heart",4,"2010-12-01 11:41:00",3.75,14307,"United Kingdom"
536408,84347,"rotating silver angels t-light hldr",6,"2010-12-01 11:41:00",2.55,14307,"United Kingdom"
536408,84375,"set of 20 kids cookie cutters",12,"2010-12-01 11:41:00",2.1,14307,"United Kingdom"
536408,84879,"assorted colour bird ornament",8,"2010-12-01 11:41:00",1.69,14307,"United Kingdom"
536408,84949,"silver hanging t-light holder",6,"2010-12-01 11:41:00",1.65,14307,"United Kingdom"
536408,84970L,"single heart zinc t-light holder",12,"2010-12-01 11:41:00",0.95,14307,"United Kingdom"
536408,84997B,"red 3 piece retrospot cutlery set",6,"2010-12-01 11:41:00",3.75,14307,"United Kingdom"
536408,85014A,"black/blue polkadot umbrella",3,"2010-12-01 11:41:00",5.95,14307,"United Kingdom"
536408,85014B,"red retrospot umbrella",3,"2010-12-01 11:41:00",5.95,14307,"United Kingdom"
536409,16238,"party time pencil erasers",28,"2010-12-01 11:45:00",0.21,17908,"United Kingdom"
536409,20668,"disco ball christmas decoration",24,"2010-12-01 11:45:00",0.12,17908,"United Kingdom"
536409,20669,"red heart luggage tag",1,"2010-12-01 11:45:00",1.25,17908,"United Kingdom"
536409,20713,"jumbo bag owls",1,"2010-12-01 11:45:00",1.95,17908,"United Kingdom"
536409,20717,"strawberry shopper bag",1,"2010-12-01 11:45:00",1.25,17908,"United Kingdom"
536409,20723,"strawberry charlotte bag",1,"2010-12-01 11:45:00",0.85,17908,"United Kingdom"
536409,20966,"sandwich bath sponge",2,"2010-12-01 11:45:00",1.25,17908,"United Kingdom"
536409,21065,"boom box speaker girls",1,"2010-12-01 11:45:00",5.95,17908,"United Kingdom"
536409,21116,"owl doorstop",1,"2010-12-01 11:45:00",4.95,17908,"United Kingdom"
536409,21326,"aged glass silver t-light holder",12,"2010-12-01 11:45:00",0.65,17908,"United Kingdom"
536409,21479,"white skull hot water bottle",1,"2010-12-01 11:45:00",3.75,17908,"United Kingdom"
536409,21609,"set 12 lavender  botanical t-lights",1,"2010-12-01 11:45:00",2.95,17908,"United Kingdom"
536409,21676,"flowers  stickers",6,"2010-12-01 11:45:00",0.85,17908,"United Kingdom"
536409,21678,"paisley pattern  stickers",6,"2010-12-01 11:45:00",0.85,17908,"United Kingdom"
536409,21811,"christmas hanging heart with bell",1,"2010-12-01 11:45:00",1.25,17908,"United Kingdom"
536409,21823,"painted metal heart with holly bell",3,"2010-12-01 11:45:00",1.45,17908,"United Kingdom"
536409,21824,"painted metal star with holly bells",3,"2010-12-01 11:45:00",1.45,17908,"United Kingdom"
536409,21866,"union jack flag luggage tag",1,"2010-12-01 11:45:00",1.25,17908,"United Kingdom"
536409,21867,"pink union jack  luggage tag",1,"2010-12-01 11:45:00",1.25,17908,"United Kingdom"
536409,21931,"jumbo storage bag suki",2,"2010-12-01 11:45:00",1.95,17908,"United Kingdom"
536409,21955,"doormat union jack guns and roses",1,"2010-12-01 11:45:00",7.95,17908,"United Kingdom"
536409,21980,"pack of 12 red retrospot tissues",12,"2010-12-01 11:45:00",0.29,17908,"United Kingdom"
536409,22074,"6 ribbons shimmering pinks",1,"2010-12-01 11:45:00",1.65,17908,"United Kingdom"
536409,22075,"6 ribbons elegant christmas",1,"2010-12-01 11:45:00",1.65,17908,"United Kingdom"
536409,22109,"full english breakfast plate",1,"2010-12-01 11:45:00",3.75,17908,"United Kingdom"
536409,22111,"scottie dog hot water bottle",1,"2010-12-01 11:45:00",4.95,17908,"United Kingdom"
536409,22112,"chocolate hot water bottle",1,"2010-12-01 11:45:00",4.95,17908,"United Kingdom"
536409,22153,"angel decoration stars on dress",6,"2010-12-01 11:45:00",0.42,17908,"United Kingdom"
536409,22183,"cake stand victorian filigree med",1,"2010-12-01 11:45:00",6.75,17908,"United Kingdom"
536409,22197,"small popcorn holder",2,"2010-12-01 11:45:00",0.85,17908,"United Kingdom"
536409,22198,"large popcorn holder",1,"2010-12-01 11:45:00",1.65,17908,"United Kingdom"
536409,22531,"magic drawing slate circus parade",1,"2010-12-01 11:45:00",0.42,17908,"United Kingdom"
536409,22568,"feltcraft cushion owl",1,"2010-12-01 11:45:00",3.75,17908,"United Kingdom"
536409,22633,"hand warmer union jack",1,"2010-12-01 11:45:00",2.1,17908,"United Kingdom"
536409,22664,"toy tidy dolly girl design",1,"2010-12-01 11:45:00",2.1,17908,"United Kingdom"
536409,22785,"squarecushion cover pink union flag",1,"2010-12-01 11:45:00",6.75,17908,"United Kingdom"
536409,22866,"hand warmer scotty dog design",1,"2010-12-01 11:45:00",2.1,17908,"United Kingdom"
536409,22900,"set 2 tea towels i love london",1,"2010-12-01 11:45:00",2.95,17908,"United Kingdom"
536409,22972,"children's spaceboy mug",1,"2010-12-01 11:45:00",1.65,17908,"United Kingdom"
536409,22975,"spaceboy childrens egg cup",1,"2010-12-01 11:45:00",1.25,17908,"United Kingdom"
536409,72802C,"vanilla scent candle jewelled box",1,"2010-12-01 11:45:00",4.25,17908,"United Kingdom"
536409,84625A,"pink new baroquecandlestick candle",1,"2010-12-01 11:45:00",2.95,17908,"United Kingdom"
536409,84625C,"blue new baroque candlestick candle",3,"2010-12-01 11:45:00",2.95,17908,"United Kingdom"
536409,84906,"pink b'fly c/cover w bobbles",1,"2010-12-01 11:45:00",5.95,17908,"United Kingdom"
536409,85099B,"jumbo bag red retrospot",2,"2010-12-01 11:45:00",1.95,17908,"United Kingdom"
536409,85099F,"jumbo bag strawberry",1,"2010-12-01 11:45:00",1.95,17908,"United Kingdom"
536409,85116,"black candelabra t-light holder",1,"2010-12-01 11:45:00",2.1,17908,"United Kingdom"
536409,85116,"black candelabra t-light holder",5,"2010-12-01 11:45:00",2.1,17908,"United Kingdom"
536409,85169B,"black love bird candle",12,"2010-12-01 11:45:00",1.25,17908,"United Kingdom"
536409,90129F,"red glass tassle bag charm",1,"2010-12-01 11:45:00",2.95,17908,"United Kingdom"
536409,90199C,"5 strand glass necklace crystal",1,"2010-12-01 11:45:00",6.35,17908,"United Kingdom"
536409,90199C,"5 strand glass necklace crystal",2,"2010-12-01 11:45:00",6.35,17908,"United Kingdom"
536409,90199C,"5 strand glass necklace crystal",3,"2010-12-01 11:45:00",6.35,17908,"United Kingdom"
536409,90210B,"clear acrylic faceted bangle",1,"2010-12-01 11:45:00",2.95,17908,"United Kingdom"
536412,20725,"lunch bag red retrospot",1,"2010-12-01 11:49:00",1.65,17920,"United Kingdom"
536412,20727,"lunch bag  black skull",3,"2010-12-01 11:49:00",1.65,17920,"United Kingdom"
536412,20728,"lunch bag cars blue",3,"2010-12-01 11:49:00",1.65,17920,"United Kingdom"
536412,20750,"red retrospot mini cases",1,"2010-12-01 11:49:00",7.95,17920,"United Kingdom"
536412,21034,"rex cash+carry jumbo shopper",1,"2010-12-01 11:49:00",0.95,17920,"United Kingdom"
536412,21242,"red retrospot plate",1,"2010-12-01 11:49:00",1.69,17920,"United Kingdom"
536412,21243,"pink  polkadot plate",1,"2010-12-01 11:49:00",1.69,17920,"United Kingdom"
536412,21244,"blue polkadot plate",1,"2010-12-01 11:49:00",1.69,17920,"United Kingdom"
536412,21245,"green polkadot plate",1,"2010-12-01 11:49:00",1.69,17920,"United Kingdom"
536412,21448,"12 daisy pegs in wood box",1,"2010-12-01 11:49:00",1.65,17920,"United Kingdom"
536412,21448,"12 daisy pegs in wood box",2,"2010-12-01 11:49:00",1.65,17920,"United Kingdom"
536412,21706,"folding umbrella red/white polkadot",1,"2010-12-01 11:49:00",4.95,17920,"United Kingdom"
536412,21708,"folding umbrella cream polkadot",1,"2010-12-01 11:49:00",4.95,17920,"United Kingdom"
536412,21710,"folding umbrella pinkwhite polkadot",1,"2010-12-01 11:49:00",4.95,17920,"United Kingdom"
536412,21711,"folding umbrella white/red polkadot",1,"2010-12-01 11:49:00",4.95,17920,"United Kingdom"
536412,21731,"red toadstool led night light",5,"2010-12-01 11:49:00",1.65,17920,"United Kingdom"
536412,21738,"cosy slipper shoes small  red",1,"2010-12-01 11:49:00",2.95,17920,"United Kingdom"
536412,21738,"cosy slipper shoes small  red",2,"2010-12-01 11:49:00",2.95,17920,"United Kingdom"
536412,21738,"cosy slipper shoes small  red",5,"2010-12-01 11:49:00",2.95,17920,"United Kingdom"
536412,21739,"cosy slipper shoes small green",2,"2010-12-01 11:49:00",2.95,17920,"United Kingdom"
536412,21880,"red retrospot tape",10,"2010-12-01 11:49:00",0.65,17920,"United Kingdom"
536412,22077,"6 ribbons rustic charm",1,"2010-12-01 11:49:00",1.65,17920,"United Kingdom"
536412,22077,"6 ribbons rustic charm",2,"2010-12-01 11:49:00",1.65,17920,"United Kingdom"
536412,22077,"6 ribbons rustic charm",7,"2010-12-01 11:49:00",1.65,17920,"United Kingdom"
536412,22086,"paper chain kit 50's christmas",1,"2010-12-01 11:49:00",2.95,17920,"United Kingdom"
536412,22141,"christmas craft tree top angel",1,"2010-12-01 11:49:00",2.1,17920,"United Kingdom"
536412,22144,"christmas craft little friends",1,"2010-12-01 11:49:00",2.1,17920,"United Kingdom"
536412,22144,"christmas craft little friends",2,"2010-12-01 11:49:00",2.1,17920,"United Kingdom"
536412,22179,"set 10 lights night owl",2,"2010-12-01 11:49:00",6.75,17920,"United Kingdom"
536412,22197,"small popcorn holder",5,"2010-12-01 11:49:00",0.85,17920,"United Kingdom"
536412,22242,"5 hook hanger magic toadstool",5,"2010-12-01 11:49:00",1.65,17920,"United Kingdom"
536412,22243,"5 hook hanger red magic toadstool",1,"2010-12-01 11:49:00",1.65,17920,"United Kingdom"
536412,22243,"5 hook hanger red magic toadstool",3,"2010-12-01 11:49:00",1.65,17920,"United Kingdom"
536412,22243,"5 hook hanger red magic toadstool",6,"2010-12-01 11:49:00",1.65,17920,"United Kingdom"
536412,22271,"feltcraft doll rosie",2,"2010-12-01 11:49:00",2.95,17920,"United Kingdom"
536412,22273,"feltcraft doll molly",1,"2010-12-01 11:49:00",2.95,17920,"United Kingdom"
536412,22273,"feltcraft doll molly",2,"2010-12-01 11:49:00",2.95,17920,"United Kingdom"
536412,22274,"feltcraft doll emily",2,"2010-12-01 11:49:00",2.95,17920,"United Kingdom"
536412,22326,"round snack boxes set of4 woodland",1,"2010-12-01 11:49:00",2.95,17920,"United Kingdom"
536412,22327,"round snack boxes set of 4 skulls",1,"2010-12-01 11:49:00",2.95,17920,"United Kingdom"
536412,22328,"round snack boxes set of 4 fruits",1,"2010-12-01 11:49:00",2.95,17920,"United Kingdom"
536412,22382,"lunch bag spaceboy design",3,"2010-12-01 11:49:00",1.65,17920,"United Kingdom"
536412,22383,"lunch bag suki  design",3,"2010-12-01 11:49:00",1.65,17920,"United Kingdom"
536412,22468,"babushka lights string of 10",2,"2010-12-01 11:49:00",6.75,17920,"United Kingdom"
536412,22568,"feltcraft cushion owl",3,"2010-12-01 11:49:00",3.75,17920,"United Kingdom"
536412,22569,"feltcraft cushion butterfly",2,"2010-12-01 11:49:00",3.75,17920,"United Kingdom"
536412,22570,"feltcraft cushion rabbit",3,"2010-12-01 11:49:00",3.75,17920,"United Kingdom"
536412,22629,"spaceboy lunch box",1,"2010-12-01 11:49:00",1.95,17920,"United Kingdom"
536412,22630,"dolly girl lunch box",1,"2010-12-01 11:49:00",1.95,17920,"United Kingdom"
536412,22652,"travel sewing kit",5,"2010-12-01 11:49:00",1.65,17920,"United Kingdom"
536412,22662,"lunch bag dolly girl design",4,"2010-12-01 11:49:00",1.65,17920,"United Kingdom"
536412,22749,"feltcraft princess charlotte doll",1,"2010-12-01 11:49:00",3.75,17920,"United Kingdom"
536412,22749,"feltcraft princess charlotte doll",2,"2010-12-01 11:49:00",3.75,17920,"United Kingdom"
536412,22751,"feltcraft princess olivia doll",2,"2010-12-01 11:49:00",3.75,17920,"United Kingdom"
536412,22759,"set of 3 notebooks in parcel",1,"2010-12-01 11:49:00",1.65,17920,"United Kingdom"
536412,22759,"set of 3 notebooks in parcel",5,"2010-12-01 11:49:00",1.65,17920,"United Kingdom"
536412,22837,"hot water bottle babushka",3,"2010-12-01 11:49:00",4.65,17920,"United Kingdom"
536412,22900,"set 2 tea towels i love london",2,"2010-12-01 11:49:00",2.95,17920,"United Kingdom"
536412,22902,"tote bag i love london",7,"2010-12-01 11:49:00",2.1,17920,"United Kingdom"
536412,22940,"feltcraft christmas fairy",1,"2010-12-01 11:49:00",4.25,17920,"United Kingdom"
536412,22940,"feltcraft christmas fairy",3,"2010-12-01 11:49:00",4.25,17920,"United Kingdom"
536412,22961,"jam making set printed",24,"2010-12-01 11:49:00",1.45,17920,"United Kingdom"
536412,22968,"rose cottage keepsake box",4,"2010-12-01 11:49:00",9.95,17920,"United Kingdom"
536412,22988,"soldiers egg cup",6,"2010-12-01 11:49:00",1.25,17920,"United Kingdom"
536412,85049E,"scandinavian reds ribbons",1,"2010-12-01 11:49:00",1.25,17920,"United Kingdom"
536412,85049E,"scandinavian reds ribbons",3,"2010-12-01 11:49:00",1.25,17920,"United Kingdom"
536412,85049E,"scandinavian reds ribbons",12,"2010-12-01 11:49:00",1.25,17920,"United Kingdom"
536412,85184C,"s/4 valentine decoupage heart box",1,"2010-12-01 11:49:00",2.95,17920,"United Kingdom"
536415,21212,"pack of 72 retrospot cake cases",2,"2010-12-01 11:57:00",0.55,12838,"United Kingdom"
536415,21790,"vintage snap cards",3,"2010-12-01 11:57:00",0.85,12838,"United Kingdom"
536415,21791,"vintage heads and tails card game",3,"2010-12-01 11:57:00",1.25,12838,"United Kingdom"
536415,21916,"set 12 retro white chalk sticks",2,"2010-12-01 11:57:00",0.42,12838,"United Kingdom"
536415,21976,"pack of 60 mushroom cake cases",2,"2010-12-01 11:57:00",0.55,12838,"United Kingdom"
536415,21977,"pack of 60 pink paisley cake cases",3,"2010-12-01 11:57:00",0.55,12838,"United Kingdom"
536415,21986,"pack of 12 pink polkadot tissues",12,"2010-12-01 11:57:00",0.29,12838,"United Kingdom"
536415,22086,"paper chain kit 50's christmas",6,"2010-12-01 11:57:00",2.95,12838,"United Kingdom"
536415,22130,"party cone christmas decoration",6,"2010-12-01 11:57:00",0.85,12838,"United Kingdom"
536415,22147,"feltcraft butterfly hearts",4,"2010-12-01 11:57:00",1.45,12838,"United Kingdom"
536415,22149,"feltcraft 6 flower friends",4,"2010-12-01 11:57:00",2.1,12838,"United Kingdom"
536415,22186,"red star card holder",5,"2010-12-01 11:57:00",2.95,12838,"United Kingdom"
536415,22321,"bird decoration red retrospot",12,"2010-12-01 11:57:00",0.85,12838,"United Kingdom"
536415,22367,"childrens apron spaceboy design",3,"2010-12-01 11:57:00",1.95,12838,"United Kingdom"
536415,22469,"heart of wicker small",5,"2010-12-01 11:57:00",1.65,12838,"United Kingdom"
536415,22470,"heart of wicker large",1,"2010-12-01 11:57:00",2.95,12838,"United Kingdom"
536415,22472,"tv dinner tray dolly girl",2,"2010-12-01 11:57:00",4.95,12838,"United Kingdom"
536415,22529,"magic drawing slate go to the fair",3,"2010-12-01 11:57:00",0.42,12838,"United Kingdom"
536415,22530,"magic drawing slate dolly girl",3,"2010-12-01 11:57:00",0.42,12838,"United Kingdom"
536415,22531,"magic drawing slate circus parade",3,"2010-12-01 11:57:00",0.42,12838,"United Kingdom"
536415,22534,"magic drawing slate spaceboy",3,"2010-12-01 11:57:00",0.42,12838,"United Kingdom"
536415,22551,"plasters in tin spaceboy",3,"2010-12-01 11:57:00",1.65,12838,"United Kingdom"
536415,22554,"plasters in tin woodland animals",3,"2010-12-01 11:57:00",1.65,12838,"United Kingdom"
536415,22557,"plasters in tin vintage paisley",3,"2010-12-01 11:57:00",1.65,12838,"United Kingdom"
536415,22565,"feltcraft hairbands pink and white",3,"2010-12-01 11:57:00",0.85,12838,"United Kingdom"
536415,22566,"feltcraft hairband pink and purple",3,"2010-12-01 11:57:00",0.85,12838,"United Kingdom"
536415,22580,"advent calendar gingham sack",1,"2010-12-01 11:57:00",5.95,12838,"United Kingdom"
536415,22587,"feltcraft hairband red and blue",4,"2010-12-01 11:57:00",0.85,12838,"United Kingdom"
536415,22593,"christmas gingham star",4,"2010-12-01 11:57:00",0.85,12838,"United Kingdom"
536415,22594,"christmas gingham tree",5,"2010-12-01 11:57:00",0.85,12838,"United Kingdom"
536415,22595,"christmas gingham heart",6,"2010-12-01 11:57:00",0.85,12838,"United Kingdom"
536415,22616,"pack of 12 london tissues",12,"2010-12-01 11:57:00",0.29,12838,"United Kingdom"
536415,22632,"hand warmer red retrospot",3,"2010-12-01 11:57:00",2.1,12838,"United Kingdom"
536415,22694,"wicker star",5,"2010-12-01 11:57:00",2.1,12838,"United Kingdom"
536415,22695,"wicker wreath small",3,"2010-12-01 11:57:00",1.45,12838,"United Kingdom"
536415,22736,"ribbon reel making snowmen",3,"2010-12-01 11:57:00",1.65,12838,"United Kingdom"
536415,22738,"ribbon reel snowy village",3,"2010-12-01 11:57:00",1.65,12838,"United Kingdom"
536415,22739,"ribbon reel christmas sock bauble",3,"2010-12-01 11:57:00",1.65,12838,"United Kingdom"
536415,22749,"feltcraft princess charlotte doll",2,"2010-12-01 11:57:00",3.75,12838,"United Kingdom"
536415,22750,"feltcraft princess lola doll",2,"2010-12-01 11:57:00",3.75,12838,"United Kingdom"
536415,22775,"purple drawerknob acrylic edwardian",1,"2010-12-01 11:57:00",1.25,12838,"United Kingdom"
536415,22807,"set of 6 t-lights toadstools",12,"2010-12-01 11:57:00",2.95,12838,"United Kingdom"
536415,22834,"hand warmer babushka design",3,"2010-12-01 11:57:00",2.1,12838,"United Kingdom"
536415,22837,"hot water bottle babushka",3,"2010-12-01 11:57:00",4.65,12838,"United Kingdom"
536415,22865,"hand warmer owl design",3,"2010-12-01 11:57:00",2.1,12838,"United Kingdom"
536415,22867,"hand warmer bird design",3,"2010-12-01 11:57:00",2.1,12838,"United Kingdom"
536415,22899,"children's apron dolly girl",2,"2010-12-01 11:57:00",2.1,12838,"United Kingdom"
536415,22900,"set 2 tea towels i love london",3,"2010-12-01 11:57:00",2.95,12838,"United Kingdom"
536415,22909,"set of 20 vintage christmas napkins",5,"2010-12-01 11:57:00",0.85,12838,"United Kingdom"
536415,22910,"paper chain kit vintage christmas",5,"2010-12-01 11:57:00",2.95,12838,"United Kingdom"
536415,22940,"feltcraft christmas fairy",2,"2010-12-01 11:57:00",4.25,12838,"United Kingdom"
536415,22941,"christmas lights 10 reindeer",3,"2010-12-01 11:57:00",8.5,12838,"United Kingdom"
536415,22942,"christmas lights 10 santas",3,"2010-12-01 11:57:00",8.5,12838,"United Kingdom"
536415,22951,"60 cake cases dolly girl design",2,"2010-12-01 11:57:00",0.55,12838,"United Kingdom"
536415,22952,"60 cake cases vintage christmas",10,"2010-12-01 11:57:00",0.55,12838,"United Kingdom"
536415,22961,"jam making set printed",3,"2010-12-01 11:57:00",1.45,12838,"United Kingdom"
536415,35591T,"turquoise christmas tree",2,"2010-12-01 11:57:00",1.25,12838,"United Kingdom"
536415,84032B,"charlie + lola red hot water bottle",3,"2010-12-01 11:57:00",2.95,12838,"United Kingdom"
536415,85049H,"urban black ribbons",2,"2010-12-01 11:57:00",1.25,12838,"United Kingdom"
536416,21494,"rotating leaves t-light holder",12,"2010-12-01 11:58:00",1.25,13255,"United Kingdom"
536416,21915,"red  harmonica in box",72,"2010-12-01 11:58:00",1.25,13255,"United Kingdom"
536416,22767,"triple photo frame cornice",4,"2010-12-01 11:58:00",9.95,13255,"United Kingdom"
536416,22768,"family photo frame cornice",4,"2010-12-01 11:58:00",9.95,13255,"United Kingdom"
536416,22938,"cupcake lace paper set 6",12,"2010-12-01 11:58:00",1.95,13255,"United Kingdom"
536416,82494L,"wooden frame antique white",6,"2010-12-01 11:58:00",2.95,13255,"United Kingdom"
536420,21715,"girls vintage tin seaside bucket",8,"2010-12-01 12:03:00",2.55,16583,"United Kingdom"
536420,21716,"boys vintage tin seaside bucket",8,"2010-12-01 12:03:00",2.55,16583,"United Kingdom"
536420,21718,"red metal beach spade",12,"2010-12-01 12:03:00",1.25,16583,"United Kingdom"
536420,21889,"wooden box of dominoes",12,"2010-12-01 12:03:00",1.25,16583,"United Kingdom"
536420,21890,"s/6 wooden skittles in cotton bag",6,"2010-12-01 12:03:00",2.95,16583,"United Kingdom"
536420,21891,"traditional wooden skipping rope",12,"2010-12-01 12:03:00",1.25,16583,"United Kingdom"
536420,21892,"traditional wooden catch cup game",12,"2010-12-01 12:03:00",1.25,16583,"United Kingdom"
536420,22110,"bird house hot water bottle",6,"2010-12-01 12:03:00",2.55,16583,"United Kingdom"
536420,22111,"scottie dog hot water bottle",3,"2010-12-01 12:03:00",4.95,16583,"United Kingdom"
536420,22113,"grey heart hot water bottle",4,"2010-12-01 12:03:00",3.75,16583,"United Kingdom"
536420,22115,"metal sign empire tea",6,"2010-12-01 12:03:00",2.95,16583,"United Kingdom"
536420,22357,"kings choice biscuit tin",4,"2010-12-01 12:03:00",4.25,16583,"United Kingdom"
536420,22358,"kings choice tea caddy",6,"2010-12-01 12:03:00",2.95,16583,"United Kingdom"
536420,22969,"homemade jam scented candles",12,"2010-12-01 12:03:00",1.45,16583,"United Kingdom"
536423,21479,"white skull hot water bottle",8,"2010-12-01 12:08:00",3.75,18085,"United Kingdom"
536423,21481,"fawn blue hot water bottle",6,"2010-12-01 12:08:00",2.95,18085,"United Kingdom"
536423,21485,"retrospot heart hot water bottle",8,"2010-12-01 12:08:00",4.95,18085,"United Kingdom"
536423,22111,"scottie dog hot water bottle",16,"2010-12-01 12:08:00",4.95,18085,"United Kingdom"
536423,22113,"grey heart hot water bottle",8,"2010-12-01 12:08:00",3.75,18085,"United Kingdom"
536423,22619,"set of 6 soldier skittles",4,"2010-12-01 12:08:00",3.75,18085,"United Kingdom"
536423,22632,"hand warmer red retrospot",12,"2010-12-01 12:08:00",2.1,18085,"United Kingdom"
536423,22837,"hot water bottle babushka",8,"2010-12-01 12:08:00",4.65,18085,"United Kingdom"
536423,84029E,"red woolly hottie white heart",8,"2010-12-01 12:08:00",3.75,18085,"United Kingdom"
536425,21411,"gingham heart  doorstop red",3,"2010-12-01 12:08:00",4.25,13758,"United Kingdom"
536425,21556,"ceramic strawberry money box",6,"2010-12-01 12:08:00",2.55,13758,"United Kingdom"
536425,22449,"silk purse babushka pink",6,"2010-12-01 12:08:00",3.35,13758,"United Kingdom"
536425,22451,"silk purse babushka red",6,"2010-12-01 12:08:00",3.35,13758,"United Kingdom"
536425,22508,"doorstop retrospot heart",8,"2010-12-01 12:08:00",3.75,13758,"United Kingdom"
536425,22511,"retrospot babushka doorstop",4,"2010-12-01 12:08:00",3.75,13758,"United Kingdom"
536425,22585,"pack of 6 birdy gift tags",12,"2010-12-01 12:08:00",1.25,13758,"United Kingdom"
536425,22637,"piggy bank retrospot",12,"2010-12-01 12:08:00",2.55,13758,"United Kingdom"
536425,22644,"ceramic cherry cake money bank",12,"2010-12-01 12:08:00",1.45,13758,"United Kingdom"
536425,22645,"ceramic heart fairy cake money bank",12,"2010-12-01 12:08:00",1.45,13758,"United Kingdom"
536425,22646,"ceramic strawberry cake money bank",12,"2010-12-01 12:08:00",1.45,13758,"United Kingdom"
536425,22650,"ceramic pirate chest money bank",12,"2010-12-01 12:08:00",1.45,13758,"United Kingdom"
536425,22768,"family photo frame cornice",2,"2010-12-01 12:08:00",9.95,13758,"United Kingdom"
536425,22829,"sweetheart wire wall tidy",2,"2010-12-01 12:08:00",9.95,13758,"United Kingdom"
536425,22837,"hot water bottle babushka",8,"2010-12-01 12:08:00",4.65,13758,"United Kingdom"
536425,22961,"jam making set printed",12,"2010-12-01 12:08:00",1.45,13758,"United Kingdom"
536425,79321,"chilli lights",8,"2010-12-01 12:08:00",4.95,13758,"United Kingdom"
536437,17021,"namaste swagat incense",600,"2010-12-01 12:12:00",0.24,13694,"United Kingdom"
536437,21154,"red retrospot oven glove",200,"2010-12-01 12:12:00",1.06,13694,"United Kingdom"
536437,22059,"ceramic strawberry design mug",48,"2010-12-01 12:12:00",1.25,13694,"United Kingdom"
536437,22188,"black heart card holder",36,"2010-12-01 12:12:00",3.39,13694,"United Kingdom"
536437,22189,"cream heart card holder",72,"2010-12-01 12:12:00",3.39,13694,"United Kingdom"
536437,84678,"classical rose small vase",48,"2010-12-01 12:12:00",1.25,13694,"United Kingdom"
536446,10133,"colouring pencils brown tube",5,"2010-12-01 12:15:00",0.85,15983,"United Kingdom"
536446,16014,"small chinese style scissor",10,"2010-12-01 12:15:00",0.42,15983,"United Kingdom"
536446,16016,"large chinese style scissor",10,"2010-12-01 12:15:00",0.85,15983,"United Kingdom"
536446,20773,"blue paisley notebook",2,"2010-12-01 12:15:00",1.65,15983,"United Kingdom"
536446,20774,"green fern notebook",2,"2010-12-01 12:15:00",1.65,15983,"United Kingdom"
536446,20777,"chrysanthemum notebook",2,"2010-12-01 12:15:00",1.65,15983,"United Kingdom"
536446,21156,"retrospot childrens apron",1,"2010-12-01 12:15:00",1.95,15983,"United Kingdom"
536446,21156,"retrospot childrens apron",3,"2010-12-01 12:15:00",1.95,15983,"United Kingdom"
536446,21586,"kings choice giant tube matches",4,"2010-12-01 12:15:00",2.55,15983,"United Kingdom"
536446,21587,"cosy hour giant tube matches",4,"2010-12-01 12:15:00",2.55,15983,"United Kingdom"
536446,21591,"cosy hour cigar box matches",6,"2010-12-01 12:15:00",1.25,15983,"United Kingdom"
536446,21651,"hanging glass etched tealight",6,"2010-12-01 12:15:00",1.65,15983,"United Kingdom"
536446,21890,"s/6 wooden skittles in cotton bag",2,"2010-12-01 12:15:00",2.95,15983,"United Kingdom"
536446,21891,"traditional wooden skipping rope",2,"2010-12-01 12:15:00",1.25,15983,"United Kingdom"
536446,22142,"christmas craft white fairy",2,"2010-12-01 12:15:00",1.45,15983,"United Kingdom"
536446,22144,"christmas craft little friends",2,"2010-12-01 12:15:00",2.1,15983,"United Kingdom"
536446,22152,"place setting white star",24,"2010-12-01 12:15:00",0.42,15983,"United Kingdom"
536446,22294,"heart filigree dove  small",24,"2010-12-01 12:15:00",1.25,15983,"United Kingdom"
536446,22294,"heart filigree dove  small",48,"2010-12-01 12:15:00",1.25,15983,"United Kingdom"
536446,22480,"red tea towel classic design",12,"2010-12-01 12:15:00",1.25,15983,"United Kingdom"
536446,22618,"cooking set retrospot",2,"2010-12-01 12:15:00",9.95,15983,"United Kingdom"
536446,22619,"set of 6 soldier skittles",8,"2010-12-01 12:15:00",3.75,15983,"United Kingdom"
536446,22620,"4 traditional spinning tops",6,"2010-12-01 12:15:00",1.25,15983,"United Kingdom"
536446,72800E,"4 ivory dinner candles silver flock",6,"2010-12-01 12:15:00",2.55,15983,"United Kingdom"
536446,84347,"rotating silver angels t-light hldr",12,"2010-12-01 12:15:00",2.55,15983,"United Kingdom"
536446,84625C,"blue new baroque candlestick candle",10,"2010-12-01 12:15:00",2.95,15983,"United Kingdom"
536446,84754,"s/15 silver glass baubles in bag",24,"2010-12-01 12:15:00",1.25,15983,"United Kingdom"
536446,84836,"zinc metal heart decoration",12,"2010-12-01 12:15:00",1.25,15983,"United Kingdom"
536446,85169B,"black love bird candle",24,"2010-12-01 12:15:00",1.25,15983,"United Kingdom"
536446,85172,"hyacinth bulb t-light candles",16,"2010-12-01 12:15:00",0.42,15983,"United Kingdom"
536446,85172,"hyacinth bulb t-light candles",32,"2010-12-01 12:15:00",0.42,15983,"United Kingdom"
536460,21121,"set/10 red polkadot party candles",24,"2010-12-01 12:22:00",1.25,14849,"United Kingdom"
536460,21257,"victorian sewing box medium",2,"2010-12-01 12:22:00",7.95,14849,"United Kingdom"
536460,21259,"victorian sewing box small",2,"2010-12-01 12:22:00",5.95,14849,"United Kingdom"
536460,21484,"chick grey hot water bottle",8,"2010-12-01 12:22:00",3.45,14849,"United Kingdom"
536460,21485,"retrospot heart hot water bottle",6,"2010-12-01 12:22:00",4.95,14849,"United Kingdom"
536460,21586,"kings choice giant tube matches",12,"2010-12-01 12:22:00",2.55,14849,"United Kingdom"
536460,21977,"pack of 60 pink paisley cake cases",24,"2010-12-01 12:22:00",0.55,14849,"United Kingdom"
536460,22670,"french wc sign blue metal",12,"2010-12-01 12:22:00",1.25,14849,"United Kingdom"
536460,22925,"blue giant garden thermometer",2,"2010-12-01 12:22:00",5.95,14849,"United Kingdom"
536460,22926,"ivory giant garden thermometer",4,"2010-12-01 12:22:00",5.95,14849,"United Kingdom"
536460,22927,"green giant garden thermometer",2,"2010-12-01 12:22:00",5.95,14849,"United Kingdom"
536460,84849B,"fairy soap soap holder",12,"2010-12-01 12:22:00",1.69,14849,"United Kingdom"
536460,84879,"assorted colour bird ornament",24,"2010-12-01 12:22:00",1.69,14849,"United Kingdom"
536460,84992,"72 sweetheart fairy cake cases",24,"2010-12-01 12:22:00",0.55,14849,"United Kingdom"
536463,82552,"washroom metal sign",12,"2010-12-01 12:22:00",1.45,14849,"United Kingdom"
536464,10125,"mini funky design tapes",2,"2010-12-01 12:23:00",0.85,17968,"United Kingdom"
536464,16258A,"swirly circular rubbers in bag",1,"2010-12-01 12:23:00",0.42,17968,"United Kingdom"
536464,20866,"blue rose fabric mirror",1,"2010-12-01 12:23:00",1.25,17968,"United Kingdom"
536464,20878,"set/9 christmas t-lights scented",1,"2010-12-01 12:23:00",1.25,17968,"United Kingdom"
536464,21121,"set/10 red polkadot party candles",1,"2010-12-01 12:23:00",1.25,17968,"United Kingdom"
536464,21122,"set/10 pink polkadot party candles",1,"2010-12-01 12:23:00",1.25,17968,"United Kingdom"
536464,21124,"set/10 blue polkadot party candles",1,"2010-12-01 12:23:00",1.25,17968,"United Kingdom"
536464,21212,"pack of 72 retrospot cake cases",1,"2010-12-01 12:23:00",0.55,17968,"United Kingdom"
536464,21212,"pack of 72 retrospot cake cases",2,"2010-12-01 12:23:00",0.55,17968,"United Kingdom"
536464,21260,"first aid tin",1,"2010-12-01 12:23:00",3.25,17968,"United Kingdom"
536464,21327,"skulls writing set",1,"2010-12-01 12:23:00",1.65,17968,"United Kingdom"
536464,21328,"balloons  writing set",1,"2010-12-01 12:23:00",1.65,17968,"United Kingdom"
536464,21329,"dinosaurs  writing set",1,"2010-12-01 12:23:00",1.65,17968,"United Kingdom"
536464,21584,"retrospot small tube matches",1,"2010-12-01 12:23:00",1.65,17968,"United Kingdom"
536464,21738,"cosy slipper shoes small  red",1,"2010-12-01 12:23:00",2.95,17968,"United Kingdom"
536464,21814,"heart t-light holder",2,"2010-12-01 12:23:00",1.45,17968,"United Kingdom"
536464,21814,"heart t-light holder",8,"2010-12-01 12:23:00",1.45,17968,"United Kingdom"
536464,21815,"star  t-light holder",1,"2010-12-01 12:23:00",1.45,17968,"United Kingdom"
536464,21815,"star  t-light holder",4,"2010-12-01 12:23:00",1.45,17968,"United Kingdom"
536464,21816,"christmas tree t-light holder",2,"2010-12-01 12:23:00",1.45,17968,"United Kingdom"
536464,21977,"pack of 60 pink paisley cake cases",1,"2010-12-01 12:23:00",0.55,17968,"United Kingdom"
536464,21980,"pack of 12 red retrospot tissues",1,"2010-12-01 12:23:00",0.29,17968,"United Kingdom"
536464,21985,"pack of 12 hearts design tissues",1,"2010-12-01 12:23:00",0.29,17968,"United Kingdom"
536464,21992,"vintage paisley stationery set",1,"2010-12-01 12:23:00",2.95,17968,"United Kingdom"
536464,22082,"ribbon reel stripes design",5,"2010-12-01 12:23:00",1.65,17968,"United Kingdom"
536464,22086,"paper chain kit 50's christmas",1,"2010-12-01 12:23:00",2.95,17968,"United Kingdom"
536464,22197,"small popcorn holder",5,"2010-12-01 12:23:00",0.85,17968,"United Kingdom"
536464,22197,"small popcorn holder",6,"2010-12-01 12:23:00",0.85,17968,"United Kingdom"
536464,22294,"heart filigree dove  small",1,"2010-12-01 12:23:00",1.25,17968,"United Kingdom"
536464,22295,"heart filigree dove large",1,"2010-12-01 12:23:00",1.65,17968,"United Kingdom"
536464,22297,"heart ivory trellis small",1,"2010-12-01 12:23:00",1.25,17968,"United Kingdom"
536464,22312,"office mug warmer polkadot",1,"2010-12-01 12:23:00",2.95,17968,"United Kingdom"
536464,22333,"retrospot party bag + sticker set",1,"2010-12-01 12:23:00",1.65,17968,"United Kingdom"
536464,22386,"jumbo bag pink polkadot",1,"2010-12-01 12:23:00",1.95,17968,"United Kingdom"
536464,22441,"grow your own basil in enamel mug",1,"2010-12-01 12:23:00",2.1,17968,"United Kingdom"
536464,22500,"set of 2 tins jardin de provence",2,"2010-12-01 12:23:00",4.95,17968,"United Kingdom"
536464,22557,"plasters in tin vintage paisley",1,"2010-12-01 12:23:00",1.65,17968,"United Kingdom"
536464,22558,"clothes pegs retrospot pack 24",2,"2010-12-01 12:23:00",1.49,17968,"United Kingdom"
536464,22573,"star wooden christmas decoration",1,"2010-12-01 12:23:00",0.85,17968,"United Kingdom"
536464,22577,"wooden heart christmas scandinavian",1,"2010-12-01 12:23:00",0.85,17968,"United Kingdom"
536464,22582,"pack of 6 sweetie gift boxes",1,"2010-12-01 12:23:00",2.55,17968,"United Kingdom"
536464,22585,"pack of 6 birdy gift tags",3,"2010-12-01 12:23:00",1.25,17968,"United Kingdom"
536464,22603,"christmas retrospot tree wood",2,"2010-12-01 12:23:00",0.85,17968,"United Kingdom"
536464,22619,"set of 6 soldier skittles",1,"2010-12-01 12:23:00",3.75,17968,"United Kingdom"
536464,22663,"jumbo bag dolly girl design",1,"2010-12-01 12:23:00",1.95,17968,"United Kingdom"
536464,22731,"3d christmas stamps stickers",2,"2010-12-01 12:23:00",1.25,17968,"United Kingdom"
536464,22735,"ribbon reel socks and mittens",2,"2010-12-01 12:23:00",1.65,17968,"United Kingdom"
536464,22737,"ribbon reel christmas present",1,"2010-12-01 12:23:00",1.65,17968,"United Kingdom"
536464,22742,"make your own playtime card kit",1,"2010-12-01 12:23:00",2.95,17968,"United Kingdom"
536464,22744,"make your own monsoon card kit",2,"2010-12-01 12:23:00",2.95,17968,"United Kingdom"
536464,22759,"set of 3 notebooks in parcel",1,"2010-12-01 12:23:00",1.65,17968,"United Kingdom"
536464,22809,"set of 6 t-lights santa",1,"2010-12-01 12:23:00",2.95,17968,"United Kingdom"
536464,22810,"set of 6 t-lights snowmen",1,"2010-12-01 12:23:00",2.95,17968,"United Kingdom"
536464,22812,"pack 3 boxes christmas pannetone",6,"2010-12-01 12:23:00",1.95,17968,"United Kingdom"
536464,22813,"pack 3 boxes bird pannetone",2,"2010-12-01 12:23:00",1.95,17968,"United Kingdom"
536464,22866,"hand warmer scotty dog design",1,"2010-12-01 12:23:00",2.1,17968,"United Kingdom"
536464,22866,"hand warmer scotty dog design",3,"2010-12-01 12:23:00",2.1,17968,"United Kingdom"
536464,22910,"paper chain kit vintage christmas",1,"2010-12-01 12:23:00",2.95,17968,"United Kingdom"
536464,22945,"christmas metal tags assorted",6,"2010-12-01 12:23:00",0.85,17968,"United Kingdom"
536464,22952,"60 cake cases vintage christmas",2,"2010-12-01 12:23:00",0.55,17968,"United Kingdom"
536464,22956,"36 foil heart cake cases",1,"2010-12-01 12:23:00",2.1,17968,"United Kingdom"
536464,22960,"jam making set with jars",1,"2010-12-01 12:23:00",4.25,17968,"United Kingdom"
536464,22988,"soldiers egg cup",1,"2010-12-01 12:23:00",1.25,17968,"United Kingdom"
536464,48173C,"doormat black flock",1,"2010-12-01 12:23:00",7.95,17968,"United Kingdom"
536464,72818,"christmas decoupage candle",1,"2010-12-01 12:23:00",0.85,17968,"United Kingdom"
536464,84879,"assorted colour bird ornament",8,"2010-12-01 12:23:00",1.69,17968,"United Kingdom"
536464,85095,"three canvas luggage tags",1,"2010-12-01 12:23:00",1.95,17968,"United Kingdom"
536464,85099B,"jumbo bag red retrospot",1,"2010-12-01 12:23:00",1.95,17968,"United Kingdom"
536464,85099C,"jumbo  bag baroque black white",1,"2010-12-01 12:23:00",1.95,17968,"United Kingdom"
536464,85231B,"cinammon set of 9 t-lights",2,"2010-12-01 12:23:00",0.85,17968,"United Kingdom"
536464,85231B,"cinammon set of 9 t-lights",3,"2010-12-01 12:23:00",0.85,17968,"United Kingdom"
536464,85231G,"orange scented set/9 t-lights",1,"2010-12-01 12:23:00",0.85,17968,"United Kingdom"
536464,85231G,"orange scented set/9 t-lights",5,"2010-12-01 12:23:00",0.85,17968,"United Kingdom"
536464,90059B,"diamante hair grip pack/2 black dia",2,"2010-12-01 12:23:00",1.65,17968,"United Kingdom"
536464,90059C,"diamante hair grip pack/2 montana",1,"2010-12-01 12:23:00",1.65,17968,"United Kingdom"
536464,90059E,"diamante hair grip pack/2 ruby",3,"2010-12-01 12:23:00",1.65,17968,"United Kingdom"
536464,90185C,"black diamante expandable ring",2,"2010-12-01 12:23:00",4.25,17968,"United Kingdom"
536464,90200A,"purple sweetheart bracelet",1,"2010-12-01 12:23:00",4.25,17968,"United Kingdom"
536464,90200B,"black sweetheart bracelet",2,"2010-12-01 12:23:00",4.25,17968,"United Kingdom"
536464,90200C,"blue sweetheart bracelet",1,"2010-12-01 12:23:00",4.25,17968,"United Kingdom"
536464,90200D,"pink sweetheart bracelet",3,"2010-12-01 12:23:00",4.25,17968,"United Kingdom"
536466,22960,"jam making set with jars",6,"2010-12-01 12:23:00",4.25,14849,"United Kingdom"
536466,22961,"jam making set printed",12,"2010-12-01 12:23:00",1.45,14849,"United Kingdom"
536477,20977,"36 pencils tube woodland",16,"2010-12-01 12:27:00",1.25,16210,"United Kingdom"
536477,20979,"36 pencils tube red retrospot",16,"2010-12-01 12:27:00",1.25,16210,"United Kingdom"
536477,21137,"black record cover frame",480,"2010-12-01 12:27:00",3.39,16210,"United Kingdom"
536477,21314,"small glass heart trinket pot",48,"2010-12-01 12:27:00",1.85,16210,"United Kingdom"
536477,22041,"record frame 7" single size",48,"2010-12-01 12:27:00",2.1,16210,"United Kingdom"
536477,22411,"jumbo shopper vintage red paisley",10,"2010-12-01 12:27:00",1.95,16210,"United Kingdom"
536477,22423,"regency cakestand 3 tier",16,"2010-12-01 12:27:00",10.95,16210,"United Kingdom"
536477,22571,"rocking horse red christmas",96,"2010-12-01 12:27:00",0.72,16210,"United Kingdom"
536477,22593,"christmas gingham star",144,"2010-12-01 12:27:00",0.72,16210,"United Kingdom"
536477,22595,"christmas gingham heart",144,"2010-12-01 12:27:00",0.72,16210,"United Kingdom"
536477,22619,"set of 6 soldier skittles",4,"2010-12-01 12:27:00",3.75,16210,"United Kingdom"
536477,22632,"hand warmer red retrospot",12,"2010-12-01 12:27:00",2.1,16210,"United Kingdom"
536477,22633,"hand warmer union jack",12,"2010-12-01 12:27:00",2.1,16210,"United Kingdom"
536477,84029E,"red woolly hottie white heart",24,"2010-12-01 12:27:00",3.39,16210,"United Kingdom"
536488,20878,"set/9 christmas t-lights scented",2,"2010-12-01 12:31:00",1.25,17897,"United Kingdom"
536488,21034,"rex cash+carry jumbo shopper",1,"2010-12-01 12:31:00",0.95,17897,"United Kingdom"
536488,21190,"pink hearts paper garland",1,"2010-12-01 12:31:00",1.65,17897,"United Kingdom"
536488,21367,"mirrored wall art gents",1,"2010-12-01 12:31:00",2.55,17897,"United Kingdom"
536488,21370,"mirrored wall art foxy",2,"2010-12-01 12:31:00",6.35,17897,"United Kingdom"
536488,21577,"save the planet cotton tote bag",1,"2010-12-01 12:31:00",2.25,17897,"United Kingdom"
536488,21592,"retrospot cigar box matches",1,"2010-12-01 12:31:00",1.25,17897,"United Kingdom"
536488,21621,"vintage union jack bunting",1,"2010-12-01 12:31:00",8.5,17897,"United Kingdom"
536488,21894,"potting shed seed envelopes",3,"2010-12-01 12:31:00",1.25,17897,"United Kingdom"
536488,21895,"potting shed sow 'n' grow set",1,"2010-12-01 12:31:00",4.25,17897,"United Kingdom"
536488,22082,"ribbon reel stripes design",5,"2010-12-01 12:31:00",1.65,17897,"United Kingdom"
536488,22087,"paper bunting white lace",1,"2010-12-01 12:31:00",2.95,17897,"United Kingdom"
536488,22144,"christmas craft little friends",1,"2010-12-01 12:31:00",2.1,17897,"United Kingdom"
536488,22144,"christmas craft little friends",2,"2010-12-01 12:31:00",2.1,17897,"United Kingdom"
536488,22149,"feltcraft 6 flower friends",2,"2010-12-01 12:31:00",2.1,17897,"United Kingdom"
536488,22150,"3 stripey mice feltcraft",1,"2010-12-01 12:31:00",1.95,17897,"United Kingdom"
536488,22372,"airline bag vintage world champion",1,"2010-12-01 12:31:00",4.25,17897,"United Kingdom"
536488,22376,"airline bag vintage jet set white",1,"2010-12-01 12:31:00",4.25,17897,"United Kingdom"
536488,22468,"babushka lights string of 10",1,"2010-12-01 12:31:00",6.75,17897,"United Kingdom"
536488,22651,"gentleman shirt repair kit",2,"2010-12-01 12:31:00",0.85,17897,"United Kingdom"
536488,22713,"card i love london",12,"2010-12-01 12:31:00",0.42,17897,"United Kingdom"
536488,22738,"ribbon reel snowy village",5,"2010-12-01 12:31:00",1.65,17897,"United Kingdom"
536488,22867,"hand warmer bird design",1,"2010-12-01 12:31:00",2.1,17897,"United Kingdom"
536488,22909,"set of 20 vintage christmas napkins",1,"2010-12-01 12:31:00",0.85,17897,"United Kingdom"
536488,22910,"paper chain kit vintage christmas",1,"2010-12-01 12:31:00",2.95,17897,"United Kingdom"
536488,22940,"feltcraft christmas fairy",1,"2010-12-01 12:31:00",4.25,17897,"United Kingdom"
536488,22960,"jam making set with jars",8,"2010-12-01 12:31:00",4.25,17897,"United Kingdom"
536488,22961,"jam making set printed",1,"2010-12-01 12:31:00",1.45,17897,"United Kingdom"
536488,47563A,"retro longboard ironing board cover",1,"2010-12-01 12:31:00",3.75,17897,"United Kingdom"
536488,70007,"hi tec alpine hand warmer",1,"2010-12-01 12:31:00",1.65,17897,"United Kingdom"
536488,70007,"hi tec alpine hand warmer",3,"2010-12-01 12:31:00",1.65,17897,"United Kingdom"
536488,84347,"rotating silver angels t-light hldr",1,"2010-12-01 12:31:00",2.55,17897,"United Kingdom"
536488,84347,"rotating silver angels t-light hldr",3,"2010-12-01 12:31:00",2.55,17897,"United Kingdom"
536488,84558A,"3d dog picture playing cards",1,"2010-12-01 12:31:00",2.95,17897,"United Kingdom"
536500,21035,"set/2 red retrospot tea towels",3,"2010-12-01 12:35:00",2.95,17377,"United Kingdom"
536500,21488,"red white scarf  hot water bottle",2,"2010-12-01 12:35:00",3.95,17377,"United Kingdom"
536500,21622,"vintage union jack cushion cover",10,"2010-12-01 12:35:00",4.95,17377,"United Kingdom"
536500,21754,"home building block word",6,"2010-12-01 12:35:00",5.95,17377,"United Kingdom"
536500,21755,"love building block word",6,"2010-12-01 12:35:00",5.95,17377,"United Kingdom"
536500,22024,"rainy ladies birthday card",12,"2010-12-01 12:35:00",0.42,17377,"United Kingdom"
536500,22113,"grey heart hot water bottle",3,"2010-12-01 12:35:00",3.75,17377,"United Kingdom"
536500,22616,"pack of 12 london tissues",12,"2010-12-01 12:35:00",0.29,17377,"United Kingdom"
536500,22630,"dolly girl lunch box",2,"2010-12-01 12:35:00",1.95,17377,"United Kingdom"
536500,22712,"card dolly girl",12,"2010-12-01 12:35:00",0.42,17377,"United Kingdom"
536500,22895,"set of 2 tea towels apple and pears",3,"2010-12-01 12:35:00",2.95,17377,"United Kingdom"
536500,22900,"set 2 tea towels i love london",7,"2010-12-01 12:35:00",2.95,17377,"United Kingdom"
536500,22983,"card billboard font",12,"2010-12-01 12:35:00",0.42,17377,"United Kingdom"
536500,46000M,"polyester filler pad 45x45cm",10,"2010-12-01 12:35:00",1.55,17377,"United Kingdom"
536500,84029E,"red woolly hottie white heart",2,"2010-12-01 12:35:00",3.75,17377,"United Kingdom"
536502,21441,"blue birdhouse decoration",12,"2010-12-01 12:36:00",0.85,16552,"United Kingdom"
536502,22423,"regency cakestand 3 tier",2,"2010-12-01 12:36:00",12.75,16552,"United Kingdom"
536502,22784,"lantern cream gazebo",3,"2010-12-01 12:36:00",4.95,16552,"United Kingdom"
536502,84879,"assorted colour bird ornament",16,"2010-12-01 12:36:00",1.69,16552,"United Kingdom"
536502,85123A,"white hanging heart t-light holder",6,"2010-12-01 12:36:00",2.95,16552,"United Kingdom"
536508,21326,"aged glass silver t-light holder",144,"2010-12-01 12:38:00",0.55,17181,"United Kingdom"
536508,84947,"antique silver tea glass engraved",72,"2010-12-01 12:38:00",1.06,17181,"United Kingdom"
536514,22485,"set of 2 wooden market crates",4,"2010-12-01 12:40:00",12.75,17951,"United Kingdom"
536514,22633,"hand warmer union jack",36,"2010-12-01 12:40:00",2.1,17951,"United Kingdom"
536514,22807,"set of 6 t-lights toadstools",6,"2010-12-01 12:40:00",2.95,17951,"United Kingdom"
536514,22865,"hand warmer owl design",36,"2010-12-01 12:40:00",2.1,17951,"United Kingdom"
536514,22866,"hand warmer scotty dog design",36,"2010-12-01 12:40:00",2.1,17951,"United Kingdom"
536520,20707,"crazy daisy heart decoration",1,"2010-12-01 12:43:00",1.25,14729,"United Kingdom"
536520,20754,"retrospot red washing up gloves",1,"2010-12-01 12:43:00",2.1,14729,"United Kingdom"
536520,20772,"garden path journal",1,"2010-12-01 12:43:00",2.55,14729,"United Kingdom"
536520,21034,"rex cash+carry jumbo shopper",2,"2010-12-01 12:43:00",0.95,14729,"United Kingdom"
536520,21111,"swiss roll towel, chocolate  spots",1,"2010-12-01 12:43:00",2.95,14729,"United Kingdom"
536520,21122,"set/10 pink polkadot party candles",1,"2010-12-01 12:43:00",1.25,14729,"United Kingdom"
536520,21123,"set/10 ivory polkadot party candles",1,"2010-12-01 12:43:00",1.25,14729,"United Kingdom"
536520,21124,"set/10 blue polkadot party candles",1,"2010-12-01 12:43:00",1.25,14729,"United Kingdom"
536520,21175,"gin + tonic diet metal sign",1,"2010-12-01 12:43:00",2.1,14729,"United Kingdom"
536520,21292,"small stripes chocolate gift bag",16,"2010-12-01 12:43:00",0.85,14729,"United Kingdom"
536520,21358,"toast its - happy birthday",2,"2010-12-01 12:43:00",1.25,14729,"United Kingdom"
536520,21427,"skulls storage box small",2,"2010-12-01 12:43:00",2.1,14729,"United Kingdom"
536520,21486,"pink heart dots hot water bottle",1,"2010-12-01 12:43:00",3.75,14729,"United Kingdom"
536520,21584,"retrospot small tube matches",12,"2010-12-01 12:43:00",1.65,14729,"United Kingdom"
536520,21588,"retrospot giant tube matches",3,"2010-12-01 12:43:00",2.55,14729,"United Kingdom"
536520,21794,"classic french style basket natural",1,"2010-12-01 12:43:00",6.75,14729,"United Kingdom"
536520,21804,"white christmas garland stars trees",3,"2010-12-01 12:43:00",3.75,14729,"United Kingdom"
536520,21867,"pink union jack  luggage tag",1,"2010-12-01 12:43:00",1.25,14729,"United Kingdom"
536520,21890,"s/6 wooden skittles in cotton bag",1,"2010-12-01 12:43:00",2.95,14729,"United Kingdom"
536520,21930,"jumbo storage bag skulls",1,"2010-12-01 12:43:00",1.95,14729,"United Kingdom"
536520,21985,"pack of 12 hearts design tissues",12,"2010-12-01 12:43:00",0.29,14729,"United Kingdom"
536520,22092,"blue paisley tissue box",1,"2010-12-01 12:43:00",1.25,14729,"United Kingdom"
536520,22096,"pink paisley square tissue box",1,"2010-12-01 12:43:00",1.25,14729,"United Kingdom"
536520,22099,"caravan square tissue box",2,"2010-12-01 12:43:00",1.25,14729,"United Kingdom"
536520,22100,"skulls square tissue box",1,"2010-12-01 12:43:00",1.25,14729,"United Kingdom"
536520,22107,"pizza plate in box",2,"2010-12-01 12:43:00",3.75,14729,"United Kingdom"
536520,22151,"place setting white heart",14,"2010-12-01 12:43:00",0.42,14729,"United Kingdom"
536520,22152,"place setting white star",12,"2010-12-01 12:43:00",0.42,14729,"United Kingdom"
536520,22197,"small popcorn holder",3,"2010-12-01 12:43:00",0.85,14729,"United Kingdom"
536520,22241,"garland wooden happy easter",2,"2010-12-01 12:43:00",1.25,14729,"United Kingdom"
536520,22441,"grow your own basil in enamel mug",1,"2010-12-01 12:43:00",2.1,14729,"United Kingdom"
536520,22469,"heart of wicker small",1,"2010-12-01 12:43:00",1.65,14729,"United Kingdom"
536520,22469,"heart of wicker small",2,"2010-12-01 12:43:00",1.65,14729,"United Kingdom"
536520,22470,"heart of wicker large",1,"2010-12-01 12:43:00",2.95,14729,"United Kingdom"
536520,22501,"picnic basket wicker large",1,"2010-12-01 12:43:00",9.95,14729,"United Kingdom"
536520,22551,"plasters in tin spaceboy",1,"2010-12-01 12:43:00",1.65,14729,"United Kingdom"
536520,22553,"plasters in tin skulls",1,"2010-12-01 12:43:00",1.65,14729,"United Kingdom"
536520,22557,"plasters in tin vintage paisley",2,"2010-12-01 12:43:00",1.65,14729,"United Kingdom"
536520,22575,"metal merry christmas wreath",1,"2010-12-01 12:43:00",1.95,14729,"United Kingdom"
536520,22582,"pack of 6 sweetie gift boxes",2,"2010-12-01 12:43:00",2.55,14729,"United Kingdom"
536520,22583,"pack of 6 handbag gift boxes",1,"2010-12-01 12:43:00",2.55,14729,"United Kingdom"
536520,22583,"pack of 6 handbag gift boxes",3,"2010-12-01 12:43:00",2.55,14729,"United Kingdom"
536520,22588,"card holder gingham heart",2,"2010-12-01 12:43:00",2.55,14729,"United Kingdom"
536520,22604,"set of 4 napkin charms cutlery",3,"2010-12-01 12:43:00",2.55,14729,"United Kingdom"
536520,22632,"hand warmer red retrospot",4,"2010-12-01 12:43:00",2.1,14729,"United Kingdom"
536520,22633,"hand warmer union jack",3,"2010-12-01 12:43:00",2.1,14729,"United Kingdom"
536520,22642,"set of 4 napkin charms stars",4,"2010-12-01 12:43:00",2.55,14729,"United Kingdom"
536520,22643,"set of 4 napkin charms leaves",4,"2010-12-01 12:43:00",2.55,14729,"United Kingdom"
536520,22653,"button box",1,"2010-12-01 12:43:00",1.95,14729,"United Kingdom"
536520,22670,"french wc sign blue metal",1,"2010-12-01 12:43:00",1.25,14729,"United Kingdom"
536520,22754,"small red babushka notebook",1,"2010-12-01 12:43:00",0.85,14729,"United Kingdom"
536520,22760,"tray, breakfast in bed",1,"2010-12-01 12:43:00",12.75,14729,"United Kingdom"
536520,22812,"pack 3 boxes christmas pannetone",3,"2010-12-01 12:43:00",1.95,14729,"United Kingdom"
536520,22904,"calendar paper cut design",3,"2010-12-01 12:43:00",2.95,14729,"United Kingdom"
536520,22905,"calendar in season design",2,"2010-12-01 12:43:00",2.95,14729,"United Kingdom"
536520,22906,"12 message cards with envelopes",6,"2010-12-01 12:43:00",1.65,14729,"United Kingdom"
536520,22916,"herb marker thyme",1,"2010-12-01 12:43:00",0.65,14729,"United Kingdom"
536520,22917,"herb marker rosemary",1,"2010-12-01 12:43:00",0.65,14729,"United Kingdom"
536520,22918,"herb marker parsley",2,"2010-12-01 12:43:00",0.65,14729,"United Kingdom"
536520,22919,"herb marker mint",2,"2010-12-01 12:43:00",0.65,14729,"United Kingdom"
536520,22920,"herb marker basil",3,"2010-12-01 12:43:00",0.65,14729,"United Kingdom"
536520,22921,"herb marker chives",2,"2010-12-01 12:43:00",0.65,14729,"United Kingdom"
536520,22926,"ivory giant garden thermometer",1,"2010-12-01 12:43:00",5.95,14729,"United Kingdom"
536520,22938,"cupcake lace paper set 6",5,"2010-12-01 12:43:00",1.95,14729,"United Kingdom"
536520,22955,"36 foil star cake cases",2,"2010-12-01 12:43:00",2.1,14729,"United Kingdom"
536520,22956,"36 foil heart cake cases",2,"2010-12-01 12:43:00",2.1,14729,"United Kingdom"
536520,71406C,"black orange squeezer",12,"2010-12-01 12:43:00",0.42,14729,"United Kingdom"
536520,84378,"set of 3 heart cookie cutters",1,"2010-12-01 12:43:00",1.25,14729,"United Kingdom"
536520,84596E,"small licorice des pink bowl",1,"2010-12-01 12:43:00",1.25,14729,"United Kingdom"
536520,84985A,"set of 72 green paper doilies",1,"2010-12-01 12:43:00",1.45,14729,"United Kingdom"
536520,85123A,"white hanging heart t-light holder",3,"2010-12-01 12:43:00",2.95,14729,"United Kingdom"
536521,22854,"cream sweetheart egg holder",1,"2010-12-01 12:48:00",4.95,12748,"United Kingdom"
536522,20914,"set/5 red retrospot lid glass bowls",1,"2010-12-01 12:49:00",2.95,15012,"United Kingdom"
536522,20972,"pink cream felt craft trinket box",1,"2010-12-01 12:49:00",1.25,15012,"United Kingdom"
536522,21041,"red retrospot oven glove double",1,"2010-12-01 12:49:00",2.95,15012,"United Kingdom"
536522,21098,"christmas toilet roll",2,"2010-12-01 12:49:00",1.25,15012,"United Kingdom"
536522,21121,"set/10 red polkadot party candles",1,"2010-12-01 12:49:00",1.25,15012,"United Kingdom"
536522,21122,"set/10 pink polkadot party candles",1,"2010-12-01 12:49:00",1.25,15012,"United Kingdom"
536522,21124,"set/10 blue polkadot party candles",2,"2010-12-01 12:49:00",1.25,15012,"United Kingdom"
536522,21190,"pink hearts paper garland",1,"2010-12-01 12:49:00",1.65,15012,"United Kingdom"
536522,21192,"white bell honeycomb paper",3,"2010-12-01 12:49:00",1.65,15012,"United Kingdom"
536522,21197,"multicolour  confetti in tube",1,"2010-12-01 12:49:00",1.65,15012,"United Kingdom"
536522,21326,"aged glass silver t-light holder",12,"2010-12-01 12:49:00",0.65,15012,"United Kingdom"
536522,21664,"ridged glass storage jar cream lid",1,"2010-12-01 12:49:00",3.75,15012,"United Kingdom"
536522,21664,"ridged glass storage jar cream lid",2,"2010-12-01 12:49:00",3.75,15012,"United Kingdom"
536522,21742,"large round wicker platter",1,"2010-12-01 12:49:00",5.95,15012,"United Kingdom"
536522,21810,"christmas hanging star with bell",1,"2010-12-01 12:49:00",1.25,15012,"United Kingdom"
536522,21810,"christmas hanging star with bell",2,"2010-12-01 12:49:00",1.25,15012,"United Kingdom"
536522,21931,"jumbo storage bag suki",1,"2010-12-01 12:49:00",1.95,15012,"United Kingdom"
